text,annotation_56,annotation_57,annotation_58,annotation_59
"Federal Judge Rules Against CDC, Throws Out Cruise Guidelines In FL   https://t.co/xgMLeuSCDS",,,masking and distancing,masking and distancing
Indeed. Even in the dysfunctional US health system they have the National Vaccine Inju… https://t.co/kmrgSmkW0g,vaccination,vaccination,vaccination,vaccination
"a vaccine seems to be ESSENTIAL if we are to start travelling again...,with ANY confidence...,because fear of the v… https://t.co/AlGCydjOVq",vaccination,masking and distancing,vaccination,vaccination
Nurses union calls on CDC to reinstate universal mask guidelines   https://t.co/eYhp5I5KuQ,masking and distancing,masking and distancing,masking and distancing,masking and distancing
Sirf  #MukeshAmbani  Company &amp; it's Workers Jobs are Safe baaki Sa… https://t.co/GW2KpWZpNz,,,lockdowns,
"The CDC's new guidelines state that even if you are fully vaccinated and wearing a mask, you should still Google LASD gangs.","vaccination,masking and distancing,lockdowns","vaccination,masking and distancing",masking and distancing,
Why don’t you tell big brother newsom to follow the science and to follow the cdc guidelines on mask wearing in schools.,masking and distancing,masking and distancing,masking and distancing,masking and distancing
"The Coronavirus Vaccine Tracker
by #COVID19 #CovidVaccine
https://t.co/vg2q7Shw3c",vaccination,,vaccination,vaccination
"#COVIDVaccine 

Very large spread in vaccine effeciacy (flu is modest to measles being v. effective).  Depending on… https://t.co/s2DA4v2y6C",vaccination,vaccination,"vaccination,masking and distancing",vaccination
"A1: How did I miss this discussion?!?!
Doing my best to continue to advocate for #vaccines on SoMe - esp… https://t.co/2E8dojUGs1",vaccination,,vaccination,vaccination
I currently follow CDC guidelines not public opinion.,lockdowns,masking and distancing,"masking and distancing,lockdowns",
California schools will still require masks despite CDC guidelines  https://t.co/jBPpz1DjxB,"masking and distancing,lockdowns","vaccination,masking and distancing",masking and distancing,masking and distancing
"Johnson &amp; Johnson's coronavirus vaccine is fourth to begin Phase 3 trials in the United States #CovidVaccine
https://t.co/26x8epwVed",vaccination,vaccination,vaccination,vaccination
Friday’s Articles On School Reopening – New CDC Guidelines Edition!  https://t.co/fSQuQwxz6r,lockdowns,"masking and distancing,lockdowns",lockdowns,
China National Biotech Group has two vaccine candidates out of five from Chinese developers that are in the final s… https://t.co/gJvxMew7fz,vaccination,vaccination,vaccination,vaccination
"I admit, the dropping of masks from CDC guidelines &amp; ensuing dropping of masks in stores are what finally convinced me to get vaccinated. TX was one of the first to drop the mandate, but people still masked in urban areas. But yes, it's backfiring horribly","vaccination,masking and distancing,lockdowns","vaccination,masking and distancing",masking and distancing,"vaccination,masking and distancing"
"I'm not crazy. I don't like crazy people. I follow the CDC guidelines of ""wearing a mask"" for those that are not vaccinated, such as myself. That doesn't mean I don't care about my life. After several tests (including recently), I have tested ""negative"" for any #COVID19 symptoms.","vaccination,masking and distancing",masking and distancing,"vaccination,masking and distancing",masking and distancing
Welk this is concerning. #CovidVaccine https://t.co/AMuR0zHv3Q,,,vaccination,vaccination
"Covid Items Bechne Walo ...

Stock Clear Karo Vaccine Aa Gaya ...

&amp; Save Money  Vaccine Bhi To Black me Bechna Hai… https://t.co/4J8Aws8O9y",,,vaccination,vaccination
 you also need burnol #BurnolForAirasia or Covid vaccine #CovidVaccine #COVID,vaccination,vaccination,vaccination,vaccination
.. and then there are talks on using #Aadhar 'like' model for the roll out of #CovidVaccine (… https://t.co/obRWfNFvju,vaccination,vaccination,vaccination,vaccination
"$jnj #covidvaccine as situation drags on, think we can safely say participant got vaccine, not the placebo.",vaccination,vaccination,vaccination,vaccination
It will probably be compulsory here too. Why else would Trump say the military is going to distribute the vaccine i… https://t.co/pAz9w3RsuF,vaccination,vaccination,vaccination,vaccination
"As someone who grew up in Upland and Alta Loma, fuck you. This is not only morally bankrupt, it’s against CDC guidelines.",,,lockdowns,
The has published updated requirements for Emergency Use Authorization (EUA) for #coronavirus therapeutics.… https://t.co/2gt87CoBoj,,vaccination,vaccination,
"Uttar Pradesh registers record 95 COVID-19 deaths, toll rises to 2,733; 4,991 fresh cases push state's infection co… https://t.co/IzcEzfsVDv",,,lockdowns,
"WHO., CDC different guidelines. CDC , Dr Fauci not yet changed it's same fully vaccinated don't need to wear mask outdoors and indoor settings.","vaccination,masking and distancing,lockdowns","vaccination,masking and distancing","vaccination,masking and distancing","vaccination,masking and distancing"
"Go home, you're drunk.

I generally advocate on #CNN's behalf, but c'mon y'all.
#TigerKing #CovidVaccine https://t.co/aYtDpGwIVB",,,vaccination,vaccination
"WHO in contact with Russia on world's first COVID-19 vaccine 

#COVID19 #COVID #RussianVaccine #CovidVaccine 
https://t.co/OBy016eTlS",vaccination,vaccination,vaccination,vaccination
"Dr. Francis Collins, Director of the NIH, in testimony on the search for a #covidvaccine - ""Science is the way this… https://t.co/1e36QPOTS8",vaccination,vaccination,vaccination,vaccination
#cdcowgChat “I have a conflict. I receive funding to conduct reviews of opioids. I’ll be recusing myself after the director’s update.” #RogerChou #COIs #CDCGuidelines,,,vaccination,
people taking that COVID19 vaccine and then 6 months later the BLM protests gonna look… https://t.co/V5efzri22C,vaccination,vaccination,vaccination,vaccination
"Well done Russia and Mr Putin , you are hope of millions of lives that could saved from now till th… https://t.co/d6j19tEec4",,vaccination,vaccination,vaccination
"Doctor warns the #Italian people on #COVIDvaccine #COVID19 

https://t.co/o1QQgKGrDB",vaccination,vaccination,vaccination,vaccination
"A watershed moment in vaccine manufacture ?!- insightful commentary from 
#CovidVaccine #Covid_19 https://t.co/QIJaEltJsT",vaccination,vaccination,vaccination,vaccination
"Or he's not vaccinated and following CDC guidelines, as he should.   But you don't have to wear one because you got the jab. 👍","vaccination,masking and distancing,lockdowns","vaccination,masking and distancing",vaccination,"vaccination,masking and distancing"
Read up on the CDC website for guidelines and recommendations. I think you’re ok to go.,lockdowns,,"masking and distancing,lockdowns",
Putin ahead of the curve. #CovidVaccine https://t.co/eJedkgM04X,,vaccination,vaccination,vaccination
"""#Putin"" scores over #Trump, #Johnson, #Merkel, #Castex, #Jinping, #Netanyahu, #Conte, #Abe. Need to wait for effec… https://t.co/W73AdPs36q",,,vaccination,vaccination
I wouldn’t take a vaccine from any of them until AT LEAST next year! #CovidVaccine,vaccination,vaccination,vaccination,vaccination
"Wondering when a #COVIDVaccine will be available? 💉💊Here's where the research stands, &amp; what the future might hold… https://t.co/aSKooeP2Ny",vaccination,vaccination,vaccination,vaccination
Please read and retweet this medical advice which gets more and more relevant each day as trump keeps lying to… https://t.co/G3Otcko5WR,,,vaccination,
"HCW seem to be perfect human trial subjects for vaccines.
By knowing a certain cohort will regularly aquire disease… https://t.co/eQ3rk0vOTf",vaccination,vaccination,vaccination,vaccination
"NEW COVID SCHOOL GUIDELINES: CDC says vaccinated teachers, students don't need to wear masks in schools   https://t.co/npcaqqEfup","vaccination,masking and distancing,lockdowns","vaccination,masking and distancing",masking and distancing,"vaccination,masking and distancing"
We will adhere to then-current CDC guidelines; vaccinated people are free to unmask but not vaccinated people will be required to.,"vaccination,masking and distancing,lockdowns","vaccination,masking and distancing",masking and distancing,"vaccination,masking and distancing"
There are already states that have banned mask mandates in schools. CDC guidelines are not mandatory; state directives override them.,masking and distancing,masking and distancing,masking and distancing,masking and distancing
"#Twitter ;

#sputnik 
Russia state-affiliated #CovidVaccine",vaccination,,vaccination,vaccination
"According to Dallas Co., Texas is at high risk. These are the COVID guidelines set by the CDC:  https://t.co/bjCy4CXYgG #COVIDActNow",lockdowns,masking and distancing,"vaccination,masking and distancing,lockdowns",
Is this true? #CovidVaccine  ? https://t.co/ff3UW6dwpJ,vaccination,vaccination,vaccination,vaccination
Yes.  I followed the CDC guidelines and still got it.  I'm still baffled as to where/how I could've picked it up.,lockdowns,masking and distancing,"masking and distancing,lockdowns",masking and distancing
"My job was testing for COVID 40 hours a week, I did it from Jan - the first week of June. As more ppl got vaxed &amp; CDC guidelines changed, I noticed that from end of April through end of my contract in June, the ONLY ppl testing pos+ were symptomatic fully vaxed ppl.  Wear a mask!","vaccination,masking and distancing","vaccination,masking and distancing",vaccination,masking and distancing
"The war on drugs started in 1970 by president Nixon was a lie, now 50 years have passed with billions of dollars spent to no avail. Illegal drugs are the enemy , not our doctor's .Suspend CDC guidelines !",lockdowns,,vaccination,
#SputnikV let’s hope this works Russia. #CoronavirusVaccine #CovidVaccine,vaccination,vaccination,vaccination,vaccination
Whaat! Is that true? Will our bodies be controlled by external forces through this #CovidVaccine? I heard abt this… https://t.co/ZJ1Vk2mtdD,vaccination,vaccination,masking and distancing,vaccination
"Vaccines can't be given to youngsters unless they've been tested in their age group.

#Covid19 #CovidVaccine… https://t.co/7VFzSoVBW6",vaccination,vaccination,vaccination,vaccination
Not everybody will have the same chance to be immunised. A recent report says that wealthy nations representing jus… https://t.co/tu5eA0VUk5,vaccination,vaccination,vaccination,vaccination
We're revisiting #biotech company Pharmaceuticals that’s leading the way with a #COVID19 antibody cockta… https://t.co/U1V0BGDZyO,,,vaccination,
This article from the same source highlights some of the challenge with the cdc guidelines:  https://t.co/kxQge7mUud,lockdowns,,masking and distancing,
Such a great example of leadership.. Didn't even bother to apply the #CovidVaccine on his daughter https://t.co/2IW34x3Jwr,vaccination,vaccination,vaccination,vaccination
Or ...you could do a simple Google search for CDC guidelines on children  and not embarrass the rest of us image bearers of God,lockdowns,masking and distancing,"masking and distancing,lockdowns",
"People who are fully vaccinated can travel within the U.S., according to updated CDC guidelines announced on Friday.  https://t.co/gcSa5MhcS2 03","vaccination,lockdowns","vaccination,masking and distancing",lockdowns,vaccination
"#azaadi from masks. When is this happening? 
#COVID19 #CovidVaccine https://t.co/mtioeYNRdS",masking and distancing,,masking and distancing,masking and distancing
Why is there no news articles on the protests going on in Manchester about #SaveOurChildren and the #CovidVaccine b… https://t.co/PLdabUToWz,,vaccination,vaccination,vaccination
"“This morning, for the first time in the world, a vaccine against the new coronavirus was registered in Russia,"" Ru… https://t.co/5ygMVV3Wmo",vaccination,vaccination,vaccination,vaccination
Yes! CDC shouldn’t have changed mask guidelines until EVERY age group was vaccinated.,"vaccination,masking and distancing",masking and distancing,masking and distancing,"vaccination,masking and distancing"
That was  my point the CDC  guidelines are clear ban for dogs entry to the U.S . You didn't let me travel with CATS  to COLOMBIA.  So whats your point? I want my money back #jetbluesucks,lockdowns,,masking and distancing,
"#covidvaccine to all those that claim genetic drift of #sarscov2 won't matter much:

In $MRNA pseudovirus neutraliz… https://t.co/eELW2l2Wq5",vaccination,vaccination,vaccination,vaccination
Trump administration has said that it will not work with an international cooperative effort to develop and distrib… https://t.co/9fYuRkflLd,,,vaccination,vaccination
And the is going to approve and administer the #CovidVaccine ?  Who’s running the show there?… https://t.co/jmxTriwJPd,vaccination,vaccination,vaccination,vaccination
Have to understand how COVID affects peeps. My B+ brother-in hospital. His O+ wife-sniffles. Nada. We have to understand this disease. It is the Catholic thing to do. I have O+ blood. Did CDC guidelines but food shop &amp; outdoor dine. I am still here. Vino helps.,,masking and distancing,masking and distancing,
Very disappointed in for not following CDC guidelines and instead following their own guidelines- thus not allowing a teen a trip of a lifetime. Sad to see what they’ve become.,lockdowns,,"masking and distancing,lockdowns",
"Hahahah ""I am not defending crowder""  Do you think America is the only country on earth with doctors or CDC's?  Funnily enough most nations on earth have the same guidelines that you do, why do you think that is?",lockdowns,masking and distancing,masking and distancing,
What hypocrisy? She’s following the CDC guidelines for vaccinated individuals that have been in place for months (and technically you don’t need to get tested - per guidelines - if you’re asymptomatic and vaccinated).    https://t.co/6qP68plwk1,vaccination,vaccination,"vaccination,lockdowns",vaccination
"""thief with knife, not a doctor with vaccine""!
#vaccinationdream
#coronavirus #CovidVaccine #vaccine https://t.co/tFK71O5oxe",vaccination,vaccination,vaccination,vaccination
There are plenty of people for whom this is absolutely an urgent matter.  CDC needs to treat it as such.  Hopefully more thoughtful guidelines coming soon.,,,masking and distancing,
Discussing CDC Guidelines.   As Superintendent he follows CDC Guidelines and Governor Directives.   The plan will be presented.  #VegasEd #Vegas #Nevada #Covid19 #Safety  https://t.co/1OASGtybyg,lockdowns,masking and distancing,"vaccination,masking and distancing,lockdowns",
The CDC is leaving it up to local officials to set mask-wearing guidelines as the highly contagious delta variant spreads in areas with low vaccination rates.  https://t.co/saXfWh6dzy,"vaccination,masking and distancing","vaccination,masking and distancing",masking and distancing,"vaccination,masking and distancing"
"#CovidVaccine
Russia's President Vladimir Putin on Tuesday said the country has developed the ""first"" coronavirus v… https://t.co/99M6xUOuYK",vaccination,vaccination,vaccination,vaccination
CDC said it was safe. I’m fully vaccinated &amp; I follow CDC guidelines. Been doing so this whole pandemic. So no mask 🤷🏽‍♂️,"vaccination,masking and distancing,lockdowns","vaccination,masking and distancing","vaccination,masking and distancing","vaccination,masking and distancing"
"Three Texas House Democratic lawmakers had been vaccinated against the coronavirus, but tested positive over the last 24 hours/  The lawmakers traveled on a private chartered flight and complied with CDC guidelines.  Fortunately there were ZERO unvaccinated people on their flight","vaccination,lockdowns",vaccination,vaccination,vaccination
Researchers across the US have stepped up efforts towards the development of an effective Covid-19 vaccine… https://t.co/xL4VUWIkua,vaccination,vaccination,vaccination,vaccination
COVID-19 recovered patients protected during massive outbreak on U.S vessel. How long do anti-bodies last in a COVI… https://t.co/oZ3UuFdHLi,,,vaccination,vaccination
"What's to lose - Sure Nov. 1 no problem!
#CovidVaccine 

'Great for the manufacturers': How the law shields drug ma… https://t.co/DVJ7wQBNQP",,,vaccination,vaccination
"BJP is Blackmailing voters with #CovidVaccine ,  Bihar voters should question BJP and their allies why… https://t.co/7Bu7CxslHX",vaccination,vaccination,vaccination,vaccination
"Russia is the first country to approve a vaccine!

President Putin said this RUSSIAN VACCINE works effectively but… https://t.co/YSUhxSN8UC",vaccination,vaccination,vaccination,vaccination
"Many blue governors were using the CDC guidelines as a shield to tell state residents “sorry, CDC says we gotta.” Once the CDC lifts that, all that’s left is the relentless, screaming pressure on them to lift mask mandates and reopen fully.","masking and distancing,lockdowns",masking and distancing,masking and distancing,"masking and distancing,lockdowns"
We shouldn't need to go digging to find these things out. Release your data #CovidVaccine https://t.co/VhsYzqoPz5,vaccination,vaccination,vaccination,vaccination
"One ethicist warns there are ""tricky decisions"" to be made about who is vaccinated first.
Some experts say a lotter… https://t.co/8RnzPHa6GP",vaccination,vaccination,vaccination,vaccination
Just when the CDC’s usefulness is called into question they give us guidelines to not cuddle with chickens.,lockdowns,,masking and distancing,
"It’s so intrusive now.They tried to push 4 vaccines on me. Kept referencing CDC guidelines &amp; I wasn’t having it, NO to all! I thought by this time it would’ve gotten better, it’s worse. I’m sure the hysteria and overkill is pushed by this sham admin, so exams &amp; testing on hold.🤬",vaccination,vaccination,vaccination,vaccination
im not getting the #covidvaccine because of antivaxers or conspiracy theories. Its because i wont be a guinea… https://t.co/X9HdKwFBm9,vaccination,vaccination,vaccination,vaccination
"That’s my understanding of the differences in guidance. US is further along in the public vaccination process, so guidelines from CDC are going to seem “riskier” or more liberal than from the WHO, because the general population has a lower overall risk because of immunizations.",vaccination,"vaccination,masking and distancing","vaccination,masking and distancing",vaccination
How about following the CDC guidelines on community spread?  Why did these get thrown out last school year?  https://t.co/A6PdH1yZD5,lockdowns,masking and distancing,masking and distancing,
so after a year of “follow CDC guidelines” now we are saying …don’t follow CDC guidelines??? Now because you personally disagree with the CDC but have no factual evidence based on science to support going against them …   https://t.co/GDbgARBzKj,lockdowns,masking and distancing,masking and distancing,
Pfizer/BioNTech say #COVID_19 jab on track for approval by year-end https://t.co/BdNQLpDlAb via https://t.co/B0JOpQwlI2,vaccination,vaccination,vaccination,vaccination
"Putin ryt now..
#CoronavirusVaccine 
#RussianVaccine 
#CovidVaccine https://t.co/630MB3ZJqI",,vaccination,vaccination,vaccination
#BREAKING: Fully vaccinated teachers and students don't need to wear masks inside school buildings. Read the CDC's updated guidelines here:  https://t.co/aSCOzujtQ5,"vaccination,masking and distancing,lockdowns","vaccination,masking and distancing",masking and distancing,"vaccination,masking and distancing"
I don’t think the GOP lost in Texas and if a large majority of Texans opposed the bill I don’t think the GOP would have majority power there.,,,,
"At least 31,000 volunteers from more than 120 nationalities have taken part in #UAE's first Phase III trials of an… https://t.co/IOt9lS7Kyo",,vaccination,vaccination,vaccination
"Russia wants to partner india in COVID-19 vaccine production

#Corona 
#CoronaVaccine 
#COVID19 
#Russia 
#SputnikV… https://t.co/McCKIZrY2L",vaccination,vaccination,vaccination,vaccination
Russia announces they have a vaccine. #CovidVaccine #RussianVaccine #Vaccine #TrumpRussia #TrumpPutin #PutinsPuppet… https://t.co/SEH3GaRoy7,vaccination,vaccination,vaccination,vaccination
The CDC’s guidelines We’re guidelines not laws but of course dumb politicians individual states ran with it well I’m not sitting by and doing nothing I’m fighting back and doctors need to do the same and there’s still time to get your voice heard,lockdowns,masking and distancing,"vaccination,lockdowns",
"Don’t say that you weren’t warned.
#ThursdayThoughts #qanon #QAnon2020 #TikTok #China #RuleBritannia #vaccine… https://t.co/o8XUR8JKsB",,,"vaccination,lockdowns",
"Till date, the nation has announced almost 24,000 instances of the infection, of which, upwards of 438 individuals… https://t.co/XSXCnls30z",,,lockdowns,
"""We need to rapidly scale up our clinical trials, manufacturing, licensing and regulation capacity"" 

#WHO… https://t.co/bOp6hjGFBJ",,,vaccination,vaccination
"The reason being is the soon to be dropped, and even more horrible, expanded CDC guidelines, imho.",lockdowns,masking and distancing,masking and distancing,
Cdc states you no longer need a mask if vaccinated. I get allot of people aren’t but if you are according to the data and scientists you no longer need to mask up. If it helps you feel safer then by all means continue but its no longer a requirement set forth by cdc guidelines,"vaccination,masking and distancing,lockdowns","vaccination,masking and distancing",masking and distancing,"vaccination,masking and distancing"
😳 wow my life on the pasion of the public and in accordinancd with cdc guidelines we have a title.,,,lockdowns,
Planning to reopen your building or increase building usage following reduced operation? Be sure to follow CDC guidelines to ensure the water quality is safe. Visit  https://t.co/gXZIQQKSQd to learn more or contact us at dwmconnect https://t.co/7lKESVvAjM,lockdowns,lockdowns,masking and distancing,lockdowns
"Rochelle Walensky is relaxing guidelines so she can act like William Wallace in Braveheart, yelling ""FREEDOM!!"" Now, more kids are getting sick, and the CDC barely says a word about the risk for those of us who are vaccinated but immunocompromised. The needs to clean house.",vaccination,"vaccination,masking and distancing",vaccination,vaccination
"This quarantine has been immensely frustrating in many ways, but by far the most frustrating is the lack of communication on when I am able to end self isolating. DC's government website has multiple contradictory guidelines. Those are seperate &amp; different than the CDC, or OAP.",lockdowns,,lockdowns,lockdowns
"What country you prefer PH's vaccine should come from? Why? 
(asa ang inyuha PILIon na ug Ngano?)

#CovidVaccine… https://t.co/NKnd9PMQeO",vaccination,vaccination,vaccination,vaccination
"Looks like we’re within weeks of reversing the guidelines and that almost every doctor and epidemiologists was saying that the CDC guidelines were prematurely issued in May, they were correct and they’ll further damage their credibility.",lockdowns,masking and distancing,masking and distancing,
I love them saying to “go beyond CDC” instead of what they are doing which is “going against CDC” guidelines 🤣,lockdowns,masking and distancing,masking and distancing,
I'm supposed to take you serious ?  Virtue Signal Checklist  woke avatar  ✅ abused animal in mask counter to CDC guidelines ✅  https://t.co/Fv0wAh4Pme  https://t.co/5hAg8IPN09,masking and distancing,masking and distancing,masking and distancing,masking and distancing
State officials have said they will follow CDC guidelines as Washington prepares to reopen.  https://t.co/Rvz91AeJoB,lockdowns,"masking and distancing,lockdowns","masking and distancing,lockdowns",lockdowns
"-Russia has annouced first #CovidVaccine 
-Putin daughter inoculated
-says rigorous safety data review needed… https://t.co/NwnA9q44Ee",vaccination,vaccination,vaccination,vaccination
Fox Kerry spotted violating CDC guidelines at airport — and it's not the first time he is almost as ugly as he is hypocritical,lockdowns,masking and distancing,masking and distancing,
"Every graph I've seen from CDC, NIH, HHS, &amp; NIDA shows that they were tracking Fentanyl/Carfentanyl OD deaths long before the 2016 CDC Guidelines were put out. Frieden/PROP KNOWINGLY screwed us.",,,masking and distancing,
"Clinical research #ageism is real as exemplified by exclusion of older adults from all sorts of trials. 

In… https://t.co/wGCLr7MnBg",,,vaccination,
I follow CDC and local guidelines and happily wear a mask when required.  Because I believe in science.,"masking and distancing,lockdowns",masking and distancing,masking and distancing,masking and distancing
"With Limited COVID-19 Vaccine Doses, Who Would Get Them First? https://t.co/ngDpflpYoB via 
--
#Vaxnews… https://t.co/6sQIOzCci8",vaccination,vaccination,vaccination,vaccination
"#Pune  First 100 vaccine volunteers enter key week. ""CoviShield"" is being Jointly Developed by Oxford University &amp;… https://t.co/6Qli3DKSwV",vaccination,vaccination,vaccination,vaccination
"Then he can wear a mask the entire time he's in an indoor stadium, locker room, press room, etc. That's the CDC Guidelines, and the &amp; should ensure he adheres to those guidelines the entire time for the safety of those unfortunate enough to be around him.","masking and distancing,lockdowns",masking and distancing,masking and distancing,masking and distancing
"Amazing . They make a turn towards the factual truth , BUT they justify why people are confused is because CDC guidelines changed overtime . SMH 🤦🏼‍♂️",lockdowns,,masking and distancing,
The world's largest #vaccine maker warns it'll take until 2024 for everyone across the globe to get vaccinated for… https://t.co/KcP744BbJi,vaccination,vaccination,vaccination,vaccination
"Some (?) in 'twitterland' have seen good effects of mask wearing eg. lack of flu season; those with immune/cancers etc. So, er usual - some people are governed by the CDC and adapt those guidelines (in a positive way) to their own personal circumstances. Agree.","masking and distancing,lockdowns",masking and distancing,masking and distancing,masking and distancing
"Draft landscape of list of Approved vaccines by WHO 

AstraZeneca, Moderna, Pfizer are on Phase 3 of trials 

India… https://t.co/yt63917YW7",vaccination,vaccination,vaccination,vaccination
"What do you want your facemask to do?
#COVID19 #coronavirus #facemasks #CovidVaccine",masking and distancing,,masking and distancing,masking and distancing
"Developing a COVID-19 vaccine is hard. Getting people to use it will be, too. via #COVID-19 #Coronavirus… https://t.co/oMFNIf0WNp",vaccination,vaccination,vaccination,vaccination
"CDC is a general strategy.  But states still do things differently.  Emergency Management is local, regional, state then Fed.  Or in this case Israel.  Decisions are made at the local level for containment regardless of CDC Guidelines.  They are just Guidelines.",lockdowns,,"masking and distancing,lockdowns",
reporter tries to put words in mouth … trying to make him sound like the arbiter of #CovidVaccine… https://t.co/W3uNQlTUxB,,vaccination,vaccination,vaccination
"#CovidVaccine 

When will a vaccine be ready for Covid 19 https://t.co/QGzEsrnFLX",vaccination,vaccination,vaccination,vaccination
Please help the chronic pain patient community as well. The false narrative of opiate epidemic is literally killing us! Illicit drugs and pressed pills causing it not prescribed meds. Pa needs to remove CPP from CDC guidelines. Opiates work well/taken correctly/stored correctly!,lockdowns,,vaccination,
"Wait, if Russia is claiming the first #CovidVaccine With just a phase 2 testing doesn’t that mean Oxford and Modern… https://t.co/4dNW1gbXw2",vaccination,vaccination,vaccination,vaccination
"As an RN, I have always been an advocate for VACCINES but for the first time in my life, I can boldly say that I wi… https://t.co/DCCmzzQ6Ad",vaccination,vaccination,vaccination,vaccination
"Lol, its funny how Trump is using the Covid Vaccine as his momentum to win the re-election. I honestly just hope th… https://t.co/GEaY3RWJTT",vaccination,vaccination,vaccination,vaccination
"CDC guidelines, rules, laws do not apply to Democrats, just like Pelosi, and the rest.",lockdowns,masking and distancing,"masking and distancing,lockdowns",
DMRegister: A federal appeals court panel sided with the CDC in its legal battle with Florida over COVID-19 guidelines for cruise lines.   https://t.co/dSqA4iWEy9,lockdowns,vaccination,masking and distancing,
"Corona Update in India!
Total Confirmed:2.72M
Active Cases:0.67M
Total Recovered: 2M
Total Deaths:52163
Updated at:… https://t.co/riPtQ9f3Sf",,,lockdowns,
What's your beef with him anyway. He's not the head of the CDC and that's the agency that sets the guidelines. There are other docs out there too. The say a lot worse is ahead.,lockdowns,,"vaccination,masking and distancing",
"#CovidVaccine: The tragedy of vaccine nationalism - only cooperation can end the pandemic | Foreign Affairs
https://t.co/61Fp3c6qHS",vaccination,vaccination,vaccination,vaccination
The CDC changed its testing guidelines long before the baseball post-season - i.e. the CDC advises against testing vaccinated persons. And yet the NCAA is still using 2020 protocols. Why? 1/,"vaccination,lockdowns",vaccination,vaccination,vaccination
Missouri Gov. Mike Parson calls the CDC’s decision “totally ridiculous” but an agency official says guidelines limit size of incentives.  https://t.co/N7wpxEMEAn,,masking and distancing,lockdowns,
"Healthcare workers likely to be first in line for coronavirus vaccination. https://t.co/ck3kDWfsPf

#COVID #COVID19… https://t.co/dxbq39Z1hA",vaccination,vaccination,vaccination,vaccination
"Throughout the pandemic, Nemacolin has exceeded CDC and commonwealth guidelines and mandates for the hospitality industry. At this time, anyone at Nemacolin is welcome to wear a mask if they desire, and you'll still see many of our spa associates doing so.","masking and distancing,lockdowns",masking and distancing,masking and distancing,masking and distancing
What is it like to be a developer in these rapidly evolving modern time? Come by the first in-person #dotnet #stl #meetup tonight in quite awhile! (observing CDC and state guidelines for public gatherings)  https://t.co/2AumuK2uzn,lockdowns,masking and distancing,masking and distancing,masking and distancing
"With growing uncertainty over work, wages, and wellbeing in the wake of the global pandemic Novel Coronavirus COVID… https://t.co/0R49YueOnD",,,lockdowns,lockdowns
"CDC Relaxes COVID Guidelines; Vaxxed Teachers, Staff And Students No Longer Need To Wear Masks Inside School Buildings   https://t.co/Phg8EFPaND","vaccination,masking and distancing,lockdowns","vaccination,masking and distancing","vaccination,masking and distancing","vaccination,masking and distancing"
"This article from the nbaa, not the CDC, is from February 7th... guidelines have been updated quite a bit since then regarding vaccinated travelers... but good try with your misleading post there...","vaccination,lockdowns","vaccination,masking and distancing","vaccination,lockdowns",vaccination
"COVID-19 warriors will first ones to get vaccine dose, announces MoS Health #covid19 #coronavirus #covidvaccine… https://t.co/Uv5fhPI72b",vaccination,vaccination,vaccination,vaccination
#Nurses are going to have to get a lot more vocal about #VaccineSafety this season — it’s estimated that 1/3 of Ame… https://t.co/WTnYvcNc1b,vaccination,,vaccination,vaccination
"#covidvaccine phase 1 
👇👇👇 coming soon. Big  brother is healthy alive and well. 🧐👀👀👀

https://t.co/wgvvTeRTab",vaccination,vaccination,vaccination,vaccination
"Namely, when the CDC released their updated guidelines for summer camps for 2021, the CDC had said that masks were not necessary outside ...   https://t.co/4gGsTipYkm","masking and distancing,lockdowns","vaccination,masking and distancing",masking and distancing,masking and distancing
"the #CDC guidelines, their misapplication have given rise to a very harmful practices in the field. For a child that had #pancreatitis or #sicklecell the belief that in midst of flare essential oils or breathing is the answer vs #opioid medications bc of the concern of 3/",lockdowns,,vaccination,
"Vaccinated teachers and students don't need to wear masks inside school buildings, the CDC said Friday in relaxing its COVID-19 guidelines.  https://t.co/QgZEh9Q6kA","vaccination,masking and distancing,lockdowns","vaccination,masking and distancing",masking and distancing,"vaccination,masking and distancing"
"Join us for our eighth annual Pratham Raleigh-RTP 5K Run/Walk on Sunday, Sept, 12, 2021:  https://t.co/4mDnt36yJA  #PrathamRaleigh  All in-person events will follow lawfully required COVID-19 health and safety protocols and adhere to CDC guidelines.  https://t.co/xfrtnvmwKP",lockdowns,masking and distancing,"masking and distancing,lockdowns",
"Report from an employee at Bickford of Oswego in OSWEGO, IL on Mar 02, 2021: ""The employer has not implemented the CDC guidelines to address the COVID-19 pandemic. The Employer failed to provide...  https://t.co/FWdNx25wIu",lockdowns,masking and distancing,"masking and distancing,lockdowns",
"If vaccine is free for bihar then other states people has to pay for vaccine  #BiharElections2020
#vacine #CovidVaccine",vaccination,vaccination,vaccination,vaccination
"So finally, Russia has officially announced about the 1st Covid Vaccine! 
Make sure next time me syllabus jitne bhi… https://t.co/0yFX0n44fL",vaccination,vaccination,vaccination,vaccination
Dog Trapped Between Concrete Walls 5 Days Hiking Dog Rescues on the Rise Service Dog Stuck in Honduras Due to CDC Guidelines TODAY'S VIDEO - Dog Rescued After Lost at Sea Daily K9 - News + Videos -   https://t.co/iKVSc2Ndrb,,lockdowns,lockdowns,
Biden admin to move $860M in COVID funds to house illegal immigrant children.  CDC guidelines require the agency to quarantine children upon receiving them.    https://t.co/gD5BMMjYUm,lockdowns,masking and distancing,masking and distancing,masking and distancing
"With the different provincial approaches to fully vaccinated people, it is time for the federal government to establish national guidelines for consistency across the country much like the CDC did in the US a number of months ago.  Time to step up . Do your job.","vaccination,lockdowns","vaccination,masking and distancing",vaccination,masking and distancing
We must demand all of these super spreaders get put on the no fly list for breaking CDC and TSA guidelines. Any average person would be.,lockdowns,masking and distancing,masking and distancing,vaccination
More People Of Color Needed In COVID-19 Vaccine Trials https://t.co/0yHTVbxS6U via #vaxnews #vaccines… https://t.co/7pyIs7SIuy,vaccination,vaccination,vaccination,vaccination
- TRUMP WAS RIGHT  #WuhanLabLeak  #FauciCoverUp #Fauci  - #ZuckerbergCoverUp #DorseyCoverUp  #CDCGuidelines  #cdc  #NPR  #cnn  -,,,lockdowns,
"Hvað er rétt í þessu? Það sem ég sé rangt í  þessu er ""oftast"" ef ég ber saman við cdc guidelines  https://t.co/RlWyUxsHly",,,masking and distancing,
Turned off? I was absolutely offended by Trump. That didn’t influence my decision to comply with CDC guidelines when he was in office.  I don’t need a politician to inform my personal health.  I have seen no evidence of anyone not getting a vaccine because Kamala scared them.,lockdowns,vaccination,vaccination,vaccination
"IDPH adopting updated CDC guidelines: Schools to be fully open, unvaccinated students should wear masks  https://t.co/McqWeFbSlm","vaccination,masking and distancing,lockdowns","vaccination,masking and distancing,lockdowns","vaccination,masking and distancing,lockdowns","vaccination,masking and distancing,lockdowns"
"#China inactivated vaccine (#Sinopharm) seems a safe candidate that generates immune response. Here latest article,… https://t.co/InfMTgBrRK",vaccination,vaccination,vaccination,vaccination
"Russian COVID-19 vaccine not in advanced test stages: WHO 

#Covid_19 #CovidVaccine #RussianVaccine #Russia 
https://t.co/II8rUTpJmL",vaccination,vaccination,vaccination,vaccination
STUDIES SHOW MORPHINE MILLIGRAM EQUIVALENT (MME) USED IN CDC 2016 OPIOID GUIDELINES ARE BOTH BOGUS AND UNSCIENTIFIC: THEY MUST BE REPUDIATED AND WITHDRAWN  1.  https://t.co/EmEj17ze19,,,vaccination,
"Serum Institute (Denies Rumours Of Availability Of #CovidVaccine #COVISHIELD In 73 Days

Read here… https://t.co/Y6kD1XGICZ",vaccination,vaccination,vaccination,vaccination
You should attend some school board meetings here in Pennsyltucky. Parents are screaming and pulling their kids out because the boards are saying they will follow CDC guidelines about masks and they are literally losing their flipping minds.,"masking and distancing,lockdowns","masking and distancing,lockdowns","masking and distancing,lockdowns",masking and distancing
I’ve worked in pharma for over 30 years and I don’t think anyone is going to be eager to inoculate themselves or th… https://t.co/lPEU5LonBw,,vaccination,vaccination,vaccination
"Ask not why was approved but, how much it adds up. The current #corporatocracy government is the reason.… https://t.co/QSe0MI0YsZ",,,vaccination,
Stupid people should not be able to tweet. The CDC guidelines say even if fully vaxed to still wear a mask.  https://t.co/agsOJ6Ttmr,"vaccination,masking and distancing,lockdowns",masking and distancing,"vaccination,masking and distancing","vaccination,masking and distancing"
68 volunteers from three Pune based hospitals get COVISHIELD vaccine dose in the second phase of human trials… https://t.co/8zKshWboVQ,vaccination,vaccination,vaccination,vaccination
"working with as analytics partner, is publishing a white paper on delivering stable logi… https://t.co/OjBapREb3S",,,,
"Let’s all work together to #SlowTheSpread shop my handmade #facemasks before they’re gone 
MadMaskr… https://t.co/kgR6dL5EMy",masking and distancing,masking and distancing,masking and distancing,masking and distancing
"Reopening schools within the first 100 days was one of his major policy goals. He pushed the CDC to go against the science and relax their guidelines on schools to allow him to do it, *and* he completely misrepresent their findings, lying and saying it was safe.",lockdowns,"masking and distancing,lockdowns",lockdowns,lockdowns
"Another death on your watch, Kristi. All because you refused to protect your constituents &amp; went full trump. I hope all these governors who refused to enact CDC guidelines are sued into oblivion. #NegligentHomicide  #RecklessEndangerment  #Cult45 #COVIDIOTS #Cult45",lockdowns,masking and distancing,"masking and distancing,lockdowns",
"Maybe - but many of the unvaccinated are also anti-masks. Also, too many governors in states like mine failed to mandate masking policies &amp; or follow CDC guidelines in the 1st place. Once masks were politicized &amp; weaponized, all bets were off. I have continued to mask up indoors.","vaccination,masking and distancing,lockdowns",masking and distancing,"vaccination,masking and distancing","vaccination,masking and distancing"
The newly released CDC guidelines also make explicit mention to this - maybe that would help?  https://t.co/OaT0unTHOx,lockdowns,,masking and distancing,
" https://t.co/EDfLIopQrq I told all my friends not to get excited! This Covid war isn't over! I don't know about you, but I don't trust the CDC and their so called guidelines. I'll keep wearing my masks when I go public places.","masking and distancing,lockdowns",masking and distancing,"vaccination,masking and distancing",masking and distancing
Brazil's state-run Oswaldo Cruz Foundation (will commence production in December of an initial 100 millio… https://t.co/NHMuExZCOx,,,vaccination,
In my family we wait for PlayStation to work out all the kinks before we buy the new system. But apparently I’m sup… https://t.co/zy4n8m4umW,,,lockdowns,
"""#AskWHO: COVID-19 Q&amp;A""  https://t.co/RuAAbf7owg
#CovidVaccine",,,vaccination,vaccination
"Phase-3 trials of Covid vaccine deferred for a fortnight in Lucknow hospital
#CovidVaccine 
#Covaxin
#Phase3Trials… https://t.co/f2CrevW9oB",vaccination,vaccination,vaccination,vaccination
Don't need 2 go far 4 reasons 2 distrust gov about health care/particularly COVID vaccines. Many… https://t.co/isecrklNCp,vaccination,vaccination,vaccination,vaccination
"On my flight the attendant said, ""this is dumb but we have to enforce it otherwise some1 might say we didn't"". Then announced the CDC updated their guidelines but the airline was following the govt orders/manadate. The airports don't care as much. Scores of people w/o masks.",lockdowns,masking and distancing,masking and distancing,masking and distancing
This goes against CDC guidelines. Vaccinated people don't need to wear masks. Why is LA county anti-science?,"vaccination,masking and distancing","vaccination,masking and distancing",masking and distancing,"vaccination,masking and distancing"
CDC finally published #longcovid guidelines. This is a big deal.  https://t.co/Lw0tk8z8Wz,lockdowns,masking and distancing,"masking and distancing,lockdowns",
Australian Covid-19 vaccine yields positive pre-clinical results #CoronavirusVaccine #Covid_19… https://t.co/kMjkvhDNEL,vaccination,vaccination,vaccination,vaccination
"When TX dropped its mandate, most people stayed masked. When the CDC changed its guidelines, the TX population went maskless practically overnight. It's been something to see!","masking and distancing,lockdowns",masking and distancing,masking and distancing,masking and distancing
CDC  If the DEA was already decreasing the opioid quote since 2011 and prescribing them also declined...  why did you publish the 2016 guidelines for opioid prescribing?   https://t.co/czmu5R7VG7,,,vaccination,
"I feel like Governor Andrew Cuomo didn’t follow the CDC, CMS, and HHS guidelines on people with disabilities of last year. ",lockdowns,masking and distancing,masking and distancing,
How do Covid vaccine trials work? QW+ database member explains in this video. Also - there's some… https://t.co/telVWQp878,vaccination,vaccination,vaccination,vaccination
"Story about a #CovidVaccine 
#Covid19 
#Vaccines https://t.co/0DlQmqWcIP",vaccination,vaccination,vaccination,vaccination
"A stark reality check for all the “sheep” who believe a vaccine is the best solution for covid! 

Do you really wan… https://t.co/HCYLmmSK4b",vaccination,vaccination,vaccination,vaccination
I agree to a point.  But the CDC says you don’t need to if you are vaccinated.  I guess my argument is if I was supposed to believe them and follow their guidelines a year ago why shouldn’t I now?,"vaccination,lockdowns","vaccination,masking and distancing",masking and distancing,"vaccination,masking and distancing"
"The first vaccine is here.

#CovidVaccine #coronavaccine
#RussianVaccine #CoronavirusVaccine
#SaveTheWorld… https://t.co/08Vx19BEiA",vaccination,vaccination,vaccination,vaccination
"India on Thursday recorded its biggest one-day COVID-19 case rise yet, with nearly 96,000 fresh cases in the last 2… https://t.co/grpxiTNWBB",vaccination,,lockdowns,
"The CDC tripped over its own d*ck re masking guidelines. Since vaz resisters are almost guaranteed to lie about it, the guidance amounted to blanket permission for everyone to un-mask. You can't un-screw that pooch.","vaccination,masking and distancing",masking and distancing,masking and distancing,masking and distancing
#CovidVaccine trials have been fast-tracked &amp; Phase 3 trials are being exempted by many countri… https://t.co/f9054R16Yj,vaccination,vaccination,vaccination,vaccination
"The CDC released new guidelines Friday stating students, teachers and staff who are fully-vaccinated do not have to wear masks when going back to school in the fall.   https://t.co/1ejWIa9XvA","vaccination,masking and distancing,lockdowns","vaccination,masking and distancing",masking and distancing,"vaccination,masking and distancing"
#JammuKashmir's health &amp; medical education department began influenza vaccination for healthcare professionals deal… https://t.co/C8GHHZzCIo,vaccination,,vaccination,vaccination
"#Russia and #Iran To Jointly Produce #Coronavirus Vaccine

#CovidVaccine 

https://t.co/Xj33dRVBCK",vaccination,vaccination,vaccination,vaccination
"We all want to get back to the things we love to do. Help us get there by following CDC guidelines, wearing a mask and getting a #COVID19 vaccine.  https://t.co/aLcGqZfqYl #getvaccinated   #ourcallingisyou  https://t.co/C9V01u3NK6","vaccination,masking and distancing,lockdowns","vaccination,masking and distancing","vaccination,masking and distancing","vaccination,masking and distancing"
"Finally ... first vaccine is officially out and congratulations, scientists, doctors and volunteers.. great to see… https://t.co/AR7tQyYwiQ",vaccination,vaccination,vaccination,vaccination
CDC Infection Control Guidelines Catch Up With Need to Address Aerosols   https://t.co/BOXpRcJjIc,lockdowns,,vaccination,
"In accordance with the CDC’s most recent guidelines, guests that are not fully vaccinated are strongly encouraged to wear masks or face coverings while attending BSWA events. Any guest who needs a mask during an event may obtain one at no cost from the Arena.","vaccination,masking and distancing,lockdowns","vaccination,masking and distancing",masking and distancing,"vaccination,masking and distancing"
If vaccines are 100% safe then why do governments take on the liability for pharmaceutical companies so that they c… https://t.co/bDFvAis3Jt,vaccination,,vaccination,vaccination
"On Thursday of last week, the Fed made the biggest change to monetary policy in 40 years. At his press conference,… https://t.co/3uXHwKbnSY",,,lockdowns,
Who would have thought that undermining the CDC would destroy public trust in a vaccine being rushed to market by a… https://t.co/XUKU3xGYWb,vaccination,vaccination,vaccination,vaccination
"Did give any indian 15 lakh rs as promised ????
So people of #bihar think thrice before u vote for… https://t.co/KS9d0Toh4X",,,,
#ADA Law protects the Right of Disabled to receive Opiod Pain Medication. Why are we fighting #CDC Guidelines &amp; #PROP so hard when Law is on our side? #CDC &amp; #PROP = Guidelines #ADA is LAW!? What am I missing? ,lockdowns,masking and distancing,vaccination,
That was my mis-statement. I was shorthanding that they claimed to be following all CDC guidelines when the photos of the private plane were posted.   My bad for being unclear. My apologies.,lockdowns,masking and distancing,lockdowns,masking and distancing
$abus funny how Acuitas Tx suddenly goes as far to claim that access to mRNA LNPs only from them. I guess they are… https://t.co/1EKYknbE5d,,vaccination,,vaccination
"No #compromise on quality of #COVIDvaccine: CMD

https://t.co/5sLg8aDgqz",vaccination,vaccination,vaccination,vaccination
"While I agree, they’re following a lot of CDC/state guidelines still. They can still have their wishes for the most part. I kinda view it this way too - if a child visited a large gathering or air traveled and got Covid, that would be even worse.",lockdowns,masking and distancing,masking and distancing,masking and distancing
"I haven't been locked in my home, because some of us have to work. I'll base things on the increase of case numbers in the following weeks, after everything opens up without masks. If we were to follow CDC guidelines, this wouldn't be happening right now. Thanks for your input.","masking and distancing,lockdowns",masking and distancing,"masking and distancing,lockdowns","masking and distancing,lockdowns"
"6 people near me on Flight 239 (29A, 29D, 29E, 29F, 28C) didn’t wear masks or didn’t wear them properly. Flight attendants did nothing when I asked. Why is Frontier violating FAA, DOT, and CDC guidelines?","masking and distancing,lockdowns",masking and distancing,masking and distancing,masking and distancing
UM  has been a great and devoted mother and has raised all her girls well. She was following CDC guidelines. It’s extremely disgusting to judge someone’s parenting.,lockdowns,masking and distancing,masking and distancing,
"President Vladimir Putin claims Russia developed world’s first COVID vaccine
#VladimirPutin #Russia #CovidVaccine… https://t.co/y8gNqBTprX",vaccination,vaccination,vaccination,vaccination
"COVID-19 Vaccines Won't End Pandemic, Unless Delivered Equitably: Bill Gates

#Covid_19 #BillGates #pandemic… https://t.co/sh6jpclXDB",vaccination,vaccination,vaccination,vaccination
They never tested positive Chris did and is vaccinated. That’s the biggest problem. CDC already said they don’t care for positives out of vaccinated people. Why is the NBA not adjusting their rules to follow new guidelines.,vaccination,vaccination,"vaccination,masking and distancing",vaccination
My guess is that these people are following US CDC guidelines rather than our own.,lockdowns,masking and distancing,masking and distancing,
"As more older adults are currently receiving the COVID-19 vaccine, the U.S. Centers for Disease Control and Prevention (CDC) has released new guidelines for fully vaccinated individuals. #visitingangels #homecareassistance #covid19vaccine  https://t.co/VsPrm1NbLX","vaccination,lockdowns","vaccination,masking and distancing",vaccination,vaccination
"Whether you like Villanueva or not, making the argument he is going against the science doesn’t make sense. His comments are in full compliance of CDC Guidelines. The CDC’s current guidelines for vaccinated individuals is to resume activities as you did before the virus.",vaccination,vaccination,vaccination,"vaccination,masking and distancing"
If you all think that unvaccinated people listened to CDC guidelines on masks that’s hilarious. There is no direct causal link and to say so is irresponsible. Let’s place blame on right wing media disinformation and holding people personally accountable for their actions.,"vaccination,masking and distancing,lockdowns","vaccination,masking and distancing",masking and distancing,"vaccination,masking and distancing"
#CovidVaccine can anyone tell me why a Covid vaccine will work when scientists say that some people loose there imm… https://t.co/dLZoUjzPLm,vaccination,vaccination,vaccination,vaccination
"Like should be.... #solidarity among countries!
This is the way to face the #COVID_19......only through SOLIDARITY… https://t.co/o4WqTxau4P",,,lockdowns,
The CDC director under Obama criticized the Trump administration for not following CDC guidelines to transition to elastomeric respirators at the start of the pandemic but he refuses to publicly talk about that problem with Biden in office so journalists aren’t reporting on this.,lockdowns,masking and distancing,masking and distancing,
International Flights Will Resume Only After Vaccination Is Confirmed; How Much More Delay? https://t.co/bJaEZReX0O,"vaccination,lockdowns",vaccination,vaccination,vaccination
He knows the secret of covid vaccine.. very genius?? #CovidVaccine https://t.co/wyb3pCkDHq,vaccination,vaccination,vaccination,vaccination
#makethisgoviral  https://t.co/9r3dfSQ7EJ #donations accepted cash app: $docnorm STUDIES SHOW MORPHINE MILLIGRAM EQUIVALENT (MME) USED IN CDC 2016 OPIOID GUIDELINES ARE BOTH BOGUS AND UNSCIENTIFIC:   1.  https://t.co/EmEj17ze19,,,masking and distancing,
"BREAKING: CDC issues new #covid19 guidelines for schools.  What I like: 1) Emphasis on getting all kids back, in-person, 100% 2) Masks are needed indoors for unvaccinated children 2+ 3) Except in very low transmission areas, weekly testing for unvaccinated students + staff","vaccination,masking and distancing,lockdowns",masking and distancing,masking and distancing,"vaccination,masking and distancing,lockdowns"
"I am so sick of being thrown attitude by mask freaks , they screamed 18 months to follow science but now they don't trust the CDC when the Guidelines are Fully vaccinated people can resume activities without wearing a mask or physically distancing","vaccination,masking and distancing",masking and distancing,masking and distancing,"vaccination,masking and distancing"
"Filing Under History's Cringiest Quotes  ""The WHO is responsible for the planet as a whole. It's different in the world in general from here in the United States.""  - Dr. Anthony Fauci explains the difference between the CDC and WHO's recent mask-wearing guidelines.",masking and distancing,masking and distancing,masking and distancing,masking and distancing
The push to fully reopen schools coincides with the CDC’s issuance of new guidelines for K-12 school reopenings that further relax already inadequate safety measures intended to mitigate the spread of COVID-19 on school campuses.  https://t.co/QYs26sud2w,lockdowns,"masking and distancing,lockdowns",lockdowns,lockdowns
Wow! The CDC...a guidelines consortium speaks... CDC Investigating Cases of Neurological Disorder Linked to Johnson &amp;#038; Johnson COVID-19 Vaccine  https://t.co/o8HK4hrdGu via ,"vaccination,lockdowns",vaccination,vaccination,vaccination
"I spy with my little eye an excuse that will be used not to get the #CovidVaccine ... 

""It actually fits quite nic… https://t.co/ACtf4wWNXl",vaccination,vaccination,vaccination,vaccination
I don't believe you have Addiction issues. I believe you are like the rest of us who have been cut off or doses significantly reduced b/c of CDC Opioid prescribing guidelines.,,,masking and distancing,
How fantastic to see our 'Charlie and the C Monsters' resources featured on the website and availab… https://t.co/CSxAWxrGLD,,,,
"#PuneHospital to begin Phase III of human trial of #COVIDvaccine https://t.co/kUANFH2jwZ 
#covid19 #COVID19vaccine… https://t.co/V92Fd9iDhR",vaccination,vaccination,vaccination,vaccination
"వైరస్‌కి వ్యాక్సిన్‌ వద్దంటున్న జనం?
People Not Inviting Vaccine For Virus | #SomethingSpecial ||#ABNTelugu 

Watch… https://t.co/cGaaJGPh3r",vaccination,vaccination,vaccination,vaccination
"#NWO #Pope Francis Sides With Bill #Gates 

And Says #COVIDVaccine 

Must Be 'Universal And For All People' 

Despi… https://t.co/16s0lZ3Idu",,vaccination,vaccination,vaccination
CDC’s COVID-19 Science Update  https://t.co/tsyfgXLUKA via      #DeltaPlusVariant #COVID19  #StaySafe #CDCGuidelines,,,masking and distancing,
"$vxrt

I expect to be trading in the 20 range this week! Watch!

#OperationWarpSpeed #vaccinefunding #oralvaccine… https://t.co/3LYoc6ToEO",,,vaccination,vaccination
"1/2 of #Canadians, #UK, #Americans to get #cancer?
 
Explains why… https://t.co/vIZyavTval",,,,
"Serious question, what meltdown? Again, you're not listening. It was on ETHAN's opinion that you should trust the CDC without question. Not the guidelines predominantly. That's why hehas been playing the soundclip of Ethan. He cant get the reasoning behind that soundclip from Sdr",lockdowns,masking and distancing,masking and distancing,
"CDC made similar recs years ago!   It’s like they don’t trust women to plan their pregnancies, but somehow are expecting them to follow their guidelines",,,,
"NO ONE WANTS YOUR VACCINE #PFIZER 
TAKE YOUR VACCINE AND SHOVE IT UP YOUR A… https://t.co/lrsb8k5bSn",vaccination,vaccination,vaccination,vaccination
lol the cdc shouldve never stopped those guidelines but hey wat do i know lol,,masking and distancing,"masking and distancing,lockdowns",
"The Government should pay for it. But, I’m sure they’ll find a way to profit from it. #vaccines #CovidVaccine https://t.co/mbpNQLh9tW",vaccination,vaccination,vaccination,vaccination
"So going by what #NirmalaSitharaman said, in India, you can only have free #CovidVaccine if you vote BJP and Modi G… https://t.co/jNcQzCkMwX",vaccination,vaccination,vaccination,vaccination
Our #CovidVaccine and treatment potential is in great hands. I’m proud to work with and support these excellent peo… https://t.co/CKS7yKTvoR,vaccination,vaccination,vaccination,vaccination
"They should first test the #CovidVaccine on gov't officials. If they are safe, the vaccine is good, but if they die, the country is safe.",vaccination,vaccination,vaccination,vaccination
"Report from an employee at US Postal Service in LA CROSSE, WI on Oct 19, 2020: ""In building (mail carriers) CDC guidelines adressing COVID19 are not being followed. 1) Employees are not informed...  https://t.co/t2LOPkLb89",lockdowns,masking and distancing,"masking and distancing,lockdowns",masking and distancing
"Do the political staffers and politicians see this?   Canadians deserve transparency. When Americans were getting vaxxed, CDC quickly released new guidelines. Life is going back to normal. When will do the same?   #cdnpoli","vaccination,lockdowns","vaccination,masking and distancing",vaccination,vaccination
And what are the CDC guidelines regarding vaccinated individuals needing to quarantine after potentially in contact with someone who is covid positive?,"vaccination,lockdowns",vaccination,vaccination,masking and distancing
"Federal judge rules in favor of Florida, tosses out CDC cruise guidelines  https://t.co/vJjpvqQ7Vs",lockdowns,masking and distancing,masking and distancing,
"India should reach adequacy by the end of 2021. 

Without disturbing current immunisation infrastructure, which can… https://t.co/Dz2bPbOpbZ",,vaccination,lockdowns,
"Hi, We are doing our best to remain open to serve our clients while implementing changes within our financial centers to follow CDC  and government guidelines. As such, some locations may be either temporarily closed or operating at adjusted hours. ^Annette",lockdowns,"masking and distancing,lockdowns",lockdowns,lockdowns
Dr. Fauci speaks on CDC’s new guidelines for fully vaccinated students  https://t.co/4pFpslDYZU via ,vaccination,"vaccination,masking and distancing",vaccination,vaccination
A 25-year-old man from Nevada is the first known American to catch #COVID-19 twice. The patient has since recovered… https://t.co/vwiFi3dggB,,,,
Brace yourself. This is going to be the norm for while. The development of a safe and effective vacc… https://t.co/NFjXMshfUT,vaccination,vaccination,lockdowns,vaccination
BREAKING: PGIMER in Chandigarh will be beginning the Phase II trial of oxford Covid-19 vaccine candidate -- Covishi… https://t.co/9dy2UyOdqM,vaccination,vaccination,vaccination,vaccination
Russia have introduced the first #CovidVaccine &amp; I guess what an amazing news 😍 I hope it works amazing as well 🤞🏻… https://t.co/zWXNBZbL4z,vaccination,vaccination,vaccination,vaccination
"To people getting the #FluShot and later #CovidVaccine: 

Thank you!

- From the people not able to be vaccinated b… https://t.co/UPMgiDaH40",vaccination,vaccination,vaccination,vaccination
Hopefully they will release information on the adverse event #clinicaltrial #CovidVaccine https://t.co/z2lXMJH6Ut,,vaccination,vaccination,vaccination
"Do we have an operation #warpspeed ? 

https://t.co/Su4efqdbzb",,,vaccination,vaccination
"""Fully vaccinated people can resume activities without wearing a mask or physically distancing, except where required by federal, state, local, tribal, or territorial laws, rules, and regulations, including local business and workplace guidance."" Latest guidelines - CDC website","vaccination,masking and distancing,lockdowns","vaccination,masking and distancing",masking and distancing,"vaccination,masking and distancing"
"The Indian Express: Russia Covid-19 vaccine: World leaders, health officials have mixed response.… https://t.co/EuuI4zjPpe",vaccination,vaccination,vaccination,vaccination
"This is why CDC guidelines are that testing asymptomatic, vaccinated people is unnecessary. It is unlikely that they are able to spread, despite being infected. The vaccines do their job.","vaccination,lockdowns",vaccination,vaccination,vaccination
#NagpurAlert : 73 persons tested +ve from #Nagpur today till 11.30 pm; Total cases 10361; #COVID19… https://t.co/YmVSpoPTTN,,,"masking and distancing,lockdowns",
"It is great to see that our country is getting ready for #CovidVaccine and also for world.
#AatmaNirbharBharat… https://t.co/XNErRSSaYt",vaccination,vaccination,vaccination,vaccination
"Divyansh Singh, August 14, 2020, Bangalore

Rahul Gandhi Condemns Government Over COVID-19 Vaccine. Read Full Story… https://t.co/ai5AHzYfdT",vaccination,vaccination,vaccination,vaccination
"New CDC school guidelines: No masks required for vaccinated students, teachers  https://t.co/K3fagsv2xL","vaccination,masking and distancing,lockdowns","vaccination,masking and distancing",masking and distancing,"vaccination,masking and distancing"
"Take a minute and lookup ""Private Conveyance"".  Then lookup the exclusions of the CDC guidelines.  Good Lord you anti maskers are uneducated.",masking and distancing,masking and distancing,masking and distancing,masking and distancing
"“The general population appears desensitized to the threat, and individuals are not following CDC guidelines related to mask-wearing for unvaccinated persons or maintaining social distancing in crowded indoor locations.”","vaccination,masking and distancing",masking and distancing,"masking and distancing,lockdowns",masking and distancing
Of course. Then please follow cdc guidelines on the unvaccinated and we will all get through this healthily.,"vaccination,lockdowns",masking and distancing,"vaccination,masking and distancing",
"Everyone's life is important. Just because some people have money/can afford to be home till a #CovidVaccine comes,… https://t.co/UoYtEkjvd9",,vaccination,vaccination,vaccination
"Of course they bear *some* responsibility, as is true of nearly anyone infected. None of us take maximal precautions all the time. They were, however, following CDC guidelines for the fully vaccinated. The ""problem"" is that they got infected. We keep learning.","vaccination,lockdowns","vaccination,masking and distancing",vaccination,vaccination
I meandered onto some trolls timeline and saw a Bre*tbart personality urging red state legislators to write laws override CDC guidelines. Just like an active effort to doom people.,,masking and distancing,"masking and distancing,lockdowns",
To those who wear a mask- thank you. Thank you for thinking of others. Thank you for caring about everyone else besides yourselves only. Same thing to those who got vaccinated &amp; wear masks / wore them &amp; follow cdc guidelines ❣️,"vaccination,masking and distancing","vaccination,masking and distancing","vaccination,lockdowns","vaccination,masking and distancing"
A federal appeals court panel sided with the CDC in its legal battle with Florida over COVID-19 guidelines for cruise lines.    https://t.co/iMtefYHQis,lockdowns,,masking and distancing,
please help us spread the word #covidwarriors #MythAndFact #COVID19India #CovidVaccine… https://t.co/451g1JYAOh,,vaccination,"vaccination,masking and distancing,lockdowns",vaccination
"Is the Russian vaccine good?

It’s tested on 76 volunteers; phase 3 trials not done. A good vaccine is tested on 20… https://t.co/9BSK5zeDmp",vaccination,vaccination,vaccination,vaccination
"Bill Gates Vaccine Record 

https://t.co/AWiuCmAqNR via 

#ExposeBillGatesDay #BillGates… https://t.co/3axeEYcmPb",vaccination,,vaccination,vaccination
did cdc and federal guidelines train or are you not enforcing masks on public transit. I’m wearing a mask and 80% of other ladies aren’t. Wellington station. T ambassador not telling folks to mask up. #shame #WearAMask,"masking and distancing,lockdowns",masking and distancing,masking and distancing,masking and distancing
Scientists at Oxford University have made a breakthrough in the quest to find a COVID-19 vaccine. Vital preparation… https://t.co/ciJ0BP1puh,vaccination,vaccination,vaccination,vaccination
Totally safe all produced &amp; provided by #mypillowguy very trustworthy believe you me LMAO #LiesLiesLies… https://t.co/YGYdeikEPY,,,vaccination,
"Fight against Corona: COVID-19 vaccine maybe ready by the end of 2020, said experts https://t.co/utYNpWsxR2… https://t.co/yUXDsiCXlq",vaccination,vaccination,vaccination,vaccination
So true...just like analysis a few months ago: mandatory #Covid_19 #facemasks is the entry point int… https://t.co/V9oSgYbpYY,masking and distancing,masking and distancing,masking and distancing,masking and distancing
"The people who developed the CDC guidelines, unlike Nate, have public health and epidemiology degrees and they are world-class experts. You are defending a troll who suffers from Dunning Kruger syndrome. He should just stop.",lockdowns,masking and distancing,masking and distancing,
"No Known Data on Quality, Efficacy and Safety of #Russian #COVIDVaccine: Germany.

https://t.co/RoMkvbgKMO",vaccination,vaccination,vaccination,vaccination
"After a thorough review, and in accordance with CDC guidelines, customers who are fully vaccinated are no longer required to wear masks while visiting our stores unless mandated by state or local regulations.","vaccination,masking and distancing,lockdowns","vaccination,masking and distancing",masking and distancing,"vaccination,masking and distancing"
"Sadly, I think the only way to protect ourselves from these selfish assholes is to continue to mask and keep to the CDC guidelines we were following last winter.","masking and distancing,lockdowns",masking and distancing,masking and distancing,masking and distancing
