text,annotation_91,annotation_85,annotation_86,annotation_87
Bad news. Johnson &amp; Johnson pauses #CovidVaccine trials,vaccination,vaccination,vaccination,vaccination
Saw this on TV and you women Need to work with the district and follow CDC guidelines.  There are so many parents that need to keep their children safe. Wearing masks and social distancing even in school. Kids are catching Covid19. Safety first.,masking and distancing,masking and distancing,masking and distancing,"masking and distancing,lockdowns"
"Two Indian vaccine candidates against COVID-19 in phase two trials: VK Paul

https://t.co/txy69JTRUv

#COVID__19… https://t.co/oC1La1FafV",vaccination,vaccination,vaccination,vaccination
The point is media &amp; govt lie abt the numbers. Reports of 100% of ppl in hospitals are unvaccinated in places like LA. BS. Virus doesn’t so one thing in one place and something else in another. CDC guidelines now repeatedly say vaccinated ppl don’t need to test ever but unvac do,vaccination,vaccination,vaccination,vaccination
"California students will continue wearing masks when school starts again, despite CDC easing its guidelines.  https://t.co/2AiDP24VOK",masking and distancing,"masking and distancing,lockdowns",masking and distancing,masking and distancing
"U.S. public divided over Covid-19 vaccine: September 23, 2020 -- #Coronavirus #COVID19 #CovidVaccine Around half of… https://t.co/FvudXmvSH1",vaccination,vaccination,vaccination,vaccination
New CDC school guidelines: No masks required for vaccinated student... (East Bay Times)  The Centers for Disease Control and Prevention said in new guidelines Friday that students a...  Add your highlights:  https://t.co/h89zeD0p36  #Education,"vaccination,masking and distancing","vaccination,masking and distancing",masking and distancing,"vaccination,masking and distancing,lockdowns"
France reported highest number of new COVID19 cases on October 10. What's bringing it back? #breakingnews… https://t.co/isTESNwUC8,,,,
"Johnson &amp; Johnson halts vaccine trial due to unexplained illness 
https://t.co/QC7vqyGKjK

#CovidVaccine",vaccination,vaccination,vaccination,vaccination
"I don't see it being whittled down, it says they're still investigating.  The data from the UK also indicates the potential for fully vaccinated people to die of the Delta variant.   You're free to follow the CDC guidelines, but there are plenty of reasons to be more cautious.  https://t.co/6tkJ3pVVhP",vaccination,vaccination,,vaccination
"Madhya Pradesh needs more HDU, ICU beds as Covid-19 cases increase via https://t.co/rfjBfXXfRd
#Covid_19… https://t.co/bminnISkfd",lockdowns,,,vaccination
Wildfire season is coming. Now is the time to check tips on staying safe: - Keep smoke outside - Reduce exposure (N95 masks can help) - Plan for pet safety - Track nearby fires - Have an evacuation plan ready Get detailed CDC guidelines here:  https://t.co/tCjIFOIXtV  https://t.co/gbxkm30Ogs,,"masking and distancing,lockdowns",,
Getting these boosters w/o CDC guidelines isn't viable for most of the J&amp;J recipients and these blue checks KNOW THIS. I want to see more than antibodies in a petri dish from 10 people. Not even knowing if those 10 subjects had been tested prior to that.,vaccination,vaccination,vaccination,
Is putin pushing out a #CovidVaccine before its ready to bait donald to do the same thing?  Would hurt the US more than Russia...,vaccination,vaccination,vaccination,vaccination
Hey Trump will Putin be sending you some of his special #COVID19 vaccine. Let us all know how it works out for you.… https://t.co/I98hKjEcJj,vaccination,vaccination,vaccination,vaccination
"""THEY DIDN'T TRACK ASYMPTOMATIC CASES!"" are ALL you fools with your  #newcases listening?!
#China #intelligence 👏… https://t.co/cSLkIgSuvL",,,,
"A lot of people will be really eager to get it,” she said. “A lot will be hesitant, not only because of misinformat… https://t.co/OmY4T8PNBs",vaccination,,,vaccination
"We would appreciate if the CDC, FDA, &amp; NIH would stop implementing, approving medications &amp; guidelines that lessen our bodies immune systems’ ability to fight viruses like COVID19 &amp; increase diseases like cancer.",vaccination,,,
NIH ‘very concerned’ about serious side effect in #Coronavirus vaccine trial. #COVIDVaccine https://t.co/gItlKIG4mx,vaccination,vaccination,vaccination,vaccination
STUDIES SHOW MORPHINE MILLIGRAM EQUIVALENT (MME) USED IN CDC 2016 OPIOID GUIDELINES ARE BOTH BOGUS AND UNSCIENTIFIC: THEY MUST BE REPUDIATED AND WITHDRAWN  1.  https://t.co/EmEj17ze19,,,,
Every state separates resident and non-resident deaths. CDC guidelines.,,,,lockdowns
"'Expect #COVIDvaccine in #India by early 2021'

#HealthMinister #DrHarshvardhan affirmed that a #vaccine could be r… https://t.co/kMPIQteDLL",vaccination,vaccination,vaccination,vaccination
"Probably #Indore is #COVID19 free.
Are they carrying #CovidVaccine in the pots? https://t.co/xwPCS1feNO",vaccination,vaccination,vaccination,vaccination
How many have to die?  Stop DEA. Repeal CDC opioid guidelines.   ,,,,
"However, if we were to impose mandatory #vaccination, we would need a scheme to look after the very few who may hav… https://t.co/hVeDrX5Vn3",vaccination,vaccination,vaccination,vaccination
"Treat your Patients !!!  Doctors followed CDC guidelines and now I am in great pain &amp; on the floor...   For those Doctors who choose to act with little thought, heart, and most importantly... lack of fortitude to do what's right--- for their patient's.  Honor your Oath, treat !!!",,,,
It’s a preliminary injunction only.  I would like to know if the cruise industry is going to follow not only CDC guidelines but common sense guidelines to have vaccinated people only on their sailings or are they going to gamble with the reckless politics of Gov. DeSantis.,lockdowns,vaccination,,lockdowns
Look at you! Rushing a #CovidVaccine before the election. You have botched the entire #COVID19 pan… https://t.co/j3z3e5cgvD,vaccination,vaccination,vaccination,vaccination
"After vaccine announcement, 
govt. announces commencement of exams.

.........#RussianVaccine #CovidVaccine
#Russia… https://t.co/RgDjpUD4ug",vaccination,vaccination,vaccination,vaccination
"First it was by end of year, then it was Dec, now its 2021. Oxford #Coronavirus vaccine update: Phase III trials to… https://t.co/0CpdMCpNqQ",vaccination,vaccination,vaccination,vaccination
"The Covid vaccine will not be safe. #COVID19 #COVIDIOTS #covidvaccine #vaccine 
https://t.co/GuVn0JpX6d",vaccination,vaccination,vaccination,vaccination
"No proof of relapse, reinfection among Covid recovered: ICMR | Pune News - Times of India
#pune #CovidVaccine… https://t.co/zjhesMgqJx",vaccination,,,vaccination
Absolutely phenomenal dedication to this story from p… https://t.co/dKfROx1vdi,,,,vaccination
"#Sinovac Biotech #covidvaccine offered by #Chinese city for emergency use costs $60
https://t.co/sh9jzriGic https://t.co/C3jkj6rGzl",vaccination,vaccination,vaccination,vaccination
Where is the FDA press conference to discuss where in the process each of the Vaccine candidates are and how each o… https://t.co/C2jrktM55m,vaccination,vaccination,,vaccination
"The “CDC will investigate”? The same CDC who fabricated opioid prescribing “guidelines” that have destroyed millions of #chronicpain pts lives? Pts doing well, taking #opioids ‘AS PRESCRIBED’. Rapidly, involuntary tapered or cut-off.  Destabilizing pts. Ruined lives. Suicide.",,,,
"Tonight is the night! Food Truck Thursday, 5-9pm at Center Lake Park. Live music by Oviedo's own Bailey Callahan, plus 8 different food trucks and blood drive will be here from 4-9pm. Free event, CDC Guidelines for social distancing will be followed. See you soon!",masking and distancing,"masking and distancing,lockdowns",masking and distancing,
"Hey, you love to mention CDC guidelines in HR meetings as a reason to jeopardize everyone's health. What about this guideline? Testing is not exclusive to unvaccinated people, especially when 10,000s of people interact on a daily basis with #DeltaVariant near campuses.","vaccination,masking and distancing","vaccination,lockdowns",,"vaccination,masking and distancing,lockdowns"
"again, stuff like this will continue to happen UNLESS &amp; UNTIL we have a (September 22, 2020; 16:52 HKT) #COVIDVACCINE",vaccination,vaccination,vaccination,vaccination
Blame the cdc.  They put out the ridiculous guidelines,,,,
"BREAKING! Trump Administration Says VACCINE NOT MANDATORY!!! https://t.co/5gKHubaWXs 

""The COVID… https://t.co/oCl6YKetLe",vaccination,vaccination,vaccination,vaccination
"Food safety tips

#COVID19India #CovidVaccine https://t.co/DwmNZ397RT",vaccination,vaccination,,vaccination
Russia launches world's first COVID-19 Vaccine. 👏👏👏 #RussianVaccine #Russia #CovidVaccineRace #CovidVaccine,vaccination,vaccination,vaccination,vaccination
"are you listening?
Don't trust and enforce vaccine laws that won't do good for any societ… https://t.co/b5V3hJ5aYQ",vaccination,vaccination,vaccination,vaccination
"Right, and they’re going to have the vaccine ready for the public by Oct. Uh huh, sure Jan. #COVID19 #CovidVaccine… https://t.co/QSIw090Nll",vaccination,vaccination,vaccination,vaccination
"The cdc laid out semi reasonable guidelines but red states have moved on.  Indiana schools appear to be saying, “if you’re sick, come anyway!”   last year they required masks/ negative test to come back if you had symptoms &amp; they accommodated kids/teachers who had to quarantine.","vaccination,masking and distancing,lockdowns","masking and distancing,lockdowns",masking and distancing,"masking and distancing,lockdowns"
#CovidVaccine will never work. ANd has never worked in the past. #VaccineSafety https://t.co/sekHuA1pye,vaccination,vaccination,vaccination,vaccination
There are &gt;200 #CovidVaccine in development. The government is trying their best to make it available at the earlie… https://t.co/HrET7oTrQe,vaccination,vaccination,vaccination,vaccination
If only someone had told our pain that it was never allowed to get any worse.  Isn’t it amazing that pain does not know how to follow #CDCGuidelines.,,,,
"CDC guidelines were fine, intended for reasonable thinking people. it's just that those who never got vaxxed, and never planned to took off their masks too, because they are inconsiderate and frankly stupid.",,vaccination,masking and distancing,masking and distancing
"Isn't THAT the truth. For those of us who benefitted from pain mngt, we are screwed. And, living in constant and debilitating pain decreases my activity and quality of life. The CDC should revise guidelines.",,,,lockdowns
"Los Angeles Sheriff Villanueva doesn’t make public health mandates. Fire and arrest this trump-loving thug now.  ""Forcing the vaccinated and those who already contracted COVID-19 to wear masks indoors is not backed by science and contradicts the CDC guidelines,"" Villanueva said.  https://t.co/75WyoxhdA5","vaccination,masking and distancing","vaccination,masking and distancing","vaccination,masking and distancing","vaccination,masking and distancing,lockdowns"
I'd rather use the CDC guidelines as my source vs. whatever did or didn't happen with CP3,,,,
"19 Lakh Jobs and Free Coivd Vaccination- BJP Manifesto for Bihar Elections.
#BiharElections2020 #BiharElections… https://t.co/9D5mJAs1As",vaccination,vaccination,vaccination,vaccination
Worlds first vaccine in Russia given to Putin's daughter #RussianVaccine #CovidVaccine https://t.co/sKzV4ZV74E,vaccination,vaccination,vaccination,vaccination
"No, is bad because even the cdc says wear masks even vaccinated, how can people follow guidelines when they see this 🙁","vaccination,masking and distancing","vaccination,masking and distancing","vaccination,masking and distancing",masking and distancing
"Oxford’s COVID-19 vaccine COVISHIELD, India’s COVAXIN may be available in India by year-end… https://t.co/wNIt0Dfdho",vaccination,vaccination,vaccination,vaccination
"Check out the #Coronavirus dashboard: Catch up fast 
#COVIDー19 #CovidVaccine 

https://t.co/sqtl5NcSip",vaccination,vaccination,,vaccination
also doubt that they would stop a 60k trial when adverse event had been in placebo arm. i takes pr… https://t.co/T96Gd5s7Jk,,vaccination,vaccination,vaccination
The University of Cambridge today confirmed plans to begin trials of a potential new vaccine not only for #COVID19… https://t.co/zJBnh1ikmz,vaccination,vaccination,vaccination,vaccination
"#Trump announced Friday that a #COVIDvaccine will be widely available by April, a timeline his own experts say is u… https://t.co/I5cI82RsjO",vaccination,vaccination,vaccination,vaccination
200K dead isn’t enough for you? You’re gonna release a vaccine prematurely and kill thousands… https://t.co/97uVoRHoCy,vaccination,vaccination,vaccination,vaccination
The National Operation Centre for Prevention of #COVID19 said that nine new COVID-19 patients were found as at toda… https://t.co/oDUo5key26,,,,vaccination
"True, but the CDC is now political &amp; bought. Just like the CDC were told by the teachers union what to list for guidelines. And to think we thought we were following the science. Places look to the CDC for guidance &amp; regulations.",,,,lockdowns
CDC Updates Guidelines To Protect Kids From COVID In School. Plus: Vacation TIps : Goats and Soda : NPR  https://t.co/IswymSABfR,,vaccination,masking and distancing,"vaccination,masking and distancing"
"Breaking: UO has updated COVID-19 safety regulations in accordance with new CDC and Oregon Health Authority guidelines, relaxing face-covering requirements for fully vaccinated individuals and remove physical distancing requirements. (via Gabriel Tsui) https://t.co/S2Lsd2LAUc","vaccination,masking and distancing","vaccination,masking and distancing","vaccination,masking and distancing","vaccination,masking and distancing"
Ready to tune in for Day 2 of #TCACC2020! Looking forward to hearing about #COVID &amp; #CovidVaccine update soon… https://t.co/M9U3fQg4VA,vaccination,vaccination,vaccination,vaccination
South Africa was 90% through recruiting people for its first #covidvaccine trial. Then it had to hit the pause butt… https://t.co/MWLCYGGw2b,vaccination,vaccination,vaccination,vaccination
"Its almost as if this were intentional, to accelerate progress towards herd immunity through natural infections w/out any restriction guidelines from the CDC while we still try to vaccinate our population, which makes no sense, we've all been warned about the risk of new variants",vaccination,vaccination,vaccination,vaccination
"Serum Institute to make 200 million doses of Covid vaccine
#SerumInstIndia
#covidvaccine
#COVID19 https://t.co/TWzm7gA0Uy",vaccination,vaccination,vaccination,vaccination
Wheaton parents demand face masks be mandatory in schools regardless of CDC guidelines  https://t.co/uBIem0Xf3x,masking and distancing,masking and distancing,masking and distancing,masking and distancing
"Hell, even the CDC and WHO have had conflicting guidelines on and off throughout this entire pandemic.",,,,masking and distancing
"A family came in the restaurant and asked abt the cdc guidelines........ sis u can search up the best snorkeling places, where to hike, the best beaches but u cant stop to read the provided guidelines?",,,,
"sir, children, pregnant women, health care workers including their families, soldiers - this should… https://t.co/gMokxbc0VL",,,,vaccination
"Certainly practicable (over 16 trusts already do RPE out with “AGP” no supply issues nationally)  And reasonable (given ECDC, CDC , Australian and many more countries guidelines - as well as scientific validity). Increasingly difficult to claim not practical or reasonable.",,,,
"Why the mask?  Are you not vaccinated, or are you just ignoring the science fo the CDC guidelines?  This shows your ignorance either way.","vaccination,masking and distancing","vaccination,masking and distancing",masking and distancing,masking and distancing
The judge ruled the CDC guidelines can be viewed as recommendations but can’t be enforced after July 18.  https://t.co/hnU9i7dChR,,,,lockdowns
"Rep Jennifer Pawlik: ""Sometimes we need to consider others"" She describes a person with health issues who needs others to show the compassion of distancing, masking and following CDC Guidelines. But SB1825 has dangerous requirements for universities. #COVID  #AZLEG  https://t.co/Y3CHZt7VTm",masking and distancing,masking and distancing,masking and distancing,masking and distancing
had to cancel a hotel today because the person tested positive for COVID-19. They were willing to send over their diagnosis . Sadie the manager still charge a cancellation fee . So yon can travel because your are following CDC guidelines but this hotel does not care,lockdowns,,,masking and distancing
"An in-depth tracking review of 200 experimental vaccines aimed at ending the pandemic, a scientific quest moving at… https://t.co/aatinxefFw",vaccination,vaccination,vaccination,vaccination
"people that demand COVID death from the news, who reports about kittens in hats, want 'hard numbers and truths' uhhh  A news channel scientist is qualified to GUESS the weather  CDC reports and guidelines are what you should focus on, go to their website and read",,,,masking and distancing
CVS to hire thousands of pharmacy techs as it prepares for more Covid-19 cases ... https://t.co/trR1TlxyXj via… https://t.co/FMr0I4clNZ,vaccination,,,vaccination
"Agreed. Simply by being directed (or muzzled) by, trump, the FDA and the CDC have lo… https://t.co/vIZYvu9iev",vaccination,,,vaccination
Another community violating CDC guidelines by sweeping homeless people. The pandemic is not over so don't force people into dangerously overcrowded shelters.  https://t.co/4U9VG03li7,masking and distancing,,masking and distancing,lockdowns
"I’ll continue to follow the CDC guidelines. If they change and suggest fully vaccinated people begin to wear masks again, then that’s what I’ll do.","vaccination,masking and distancing","vaccination,masking and distancing","vaccination,masking and distancing",masking and distancing
"Covid-19: Oxford vaccine may be the first shot for India
#CovidVaccine https://t.co/XdZ6m4Izhe
Download the TOI app… https://t.co/CJVSOF9Fbb",vaccination,vaccination,vaccination,vaccination
"Current CDC protocol is that if you’ve been exposed but you’re vaccinated, you don’t have to quarantine unless you develop symptoms.  They said they were consulting with CDC and following the guidelines.",vaccination,"vaccination,lockdowns",,"vaccination,masking and distancing"
"#AstraZeneca I hope everyone knows this #vaccine is on halt 
#MediaCircus #CovidVaccine #COVID19India #coronavirus #CoronaUpdatesInIndia",vaccination,vaccination,vaccination,vaccination
".says that CDC guidelines will still be in effect, such as masks for unvaccinated individuals. New York’s state of emergency has been in place since March 2020","vaccination,masking and distancing",vaccination,masking and distancing,masking and distancing
"Russia registers virus vaccine, Putin's daughter given it https://t.co/8snfP8tsjs #Covidvaccine",vaccination,vaccination,vaccination,vaccination
"Lu Deh and Friends - the Morning Show on August 11, 2020. 

ENG:https://t.co/Lcu9WqFO11
CHN:https://t.co/uZHaIMsvls… https://t.co/43J9oQpFnm",,,,
"Putin has put in his contribution in putin(g) a stop at virus and believe it's Vladimir.

P.S: Vladimir means great… https://t.co/ALvrqigEQO",vaccination,,vaccination,vaccination
State officials to adopt new CDC guidelines for mask use in schools  https://t.co/DbqYrAmWKK,masking and distancing,masking and distancing,masking and distancing,masking and distancing
"This time, there might be a method to the madness. https://t.co/Q26bTcSo42 

#plasmatreatment #COVID19 #COVIDー19 #CovidVaccine",,vaccination,,vaccination
"OSHA has issued a new Emergency Temporary Standard (ETS) providing a set of COVID-19 guidelines clearing up confusion from states’ varying directives. The ETS follows CDC guidance on COVID-19 safety, allowing fully vaccinated individuals to go mask-free.  https://t.co/tonn2uceM0","vaccination,masking and distancing",vaccination,masking and distancing,masking and distancing
LA County sheriff says reinstated #MaskMandate 'not backed by science' “Forcing the vaccinated &amp; those who already contracted #COVID19 to wear #Masks indoors is not backed by science and contradicts the U.S. (CDC) guidelines.”  https://t.co/feCUzFUXis,masking and distancing,"vaccination,masking and distancing",masking and distancing,masking and distancing
"#CoronavirusVaccine 
Russia becomes first country to register COVID-19 vaccine.
Russia approves first COVID-19 vacc… https://t.co/2Q9LRph4tW",vaccination,vaccination,vaccination,vaccination
‘We are not the world’: CDC director sticks to ‘no masks for vaccinated people’ guidelines in defiance of WHO  https://t.co/vY991PR8fW,"vaccination,masking and distancing",vaccination,masking and distancing,"vaccination,masking and distancing"
ETHealthworld | World Health Organization chief Tedros says 184 countries signed up to vaccine facility… https://t.co/oU5bbDQM7O,vaccination,vaccination,,vaccination
STUDIES SHOW MORPHINE MILLIGRAM EQUIVALENT (MME) USED IN CDC 2016 OPIOID GUIDELINES ARE BOTH BOGUS AND UNSCIENTIFIC: THEY MUST BE REPUDIATED AND WITHDRAWN  1.  https://t.co/EmEj17ze19,vaccination,,,
Conservative Christians calling people who follow CDC guidelines is hilarious since they literally call themselves one of Jesus’s sheep. Literally.,,,,
#Russia's #CovidVaccine has met more scepticism than applaud among global leaders and health experts. The country's… https://t.co/2sI4xghG01,vaccination,vaccination,vaccination,vaccination
Do you want a zombie outbreak? Because movies tell us this is how you start a zombie outbreak... #CovidVaccine… https://t.co/LD2vRXjUuV,vaccination,vaccination,,vaccination
"Positive news on #CovidVaccine 

https://t.co/nThED2sffj",vaccination,vaccination,vaccination,vaccination
Sputnik V vaccine could provide a credible option in our fight against COVID-19 in India: Co-chairman of Dr Reddy's… https://t.co/u5JjkHHusu,vaccination,vaccination,vaccination,vaccination
"The public is deeply skeptical about any #coronavirus #vaccine approved before the November election, says new poll… https://t.co/D9lKHIjSha",vaccination,vaccination,vaccination,vaccination
"#WednesdayThoughts 
#CovidVaccine
Let this information sink in while you educate yourself on the upcoming #COVID19… https://t.co/cQqKg0tAAV",vaccination,vaccination,,vaccination
"Watching#dragracevegas &amp; realizing how much I miss live drag &amp; Vegas!
#DivaLasVegas2021 #CovidVaccine #vacation","vaccination,masking and distancing",,,vaccination
I wonder how you and other drs feel about the CDC’s near-total silence on delta. When they changed indoor masking guidelines in May I had a terrible feeling about all of this.,masking and distancing,masking and distancing,masking and distancing,masking and distancing
"The #CDC's 2016 opioids guidelines need a SERIOUS revision. People are literally dying from pain. It's utterly inhumane to be denied these drugs, when so many of us truly need them.",,,,
This is bad science and bad morals. #CovidVaccine https://t.co/GGYQ1YiJ1x,vaccination,vaccination,vaccination,vaccination
California to require masks in schools despite CDC guidelines - Los Angeles Times  https://t.co/ErPlk1Oxf7,masking and distancing,masking and distancing,"vaccination,masking and distancing","vaccination,masking and distancing"
"Hi, we are doing our best to remain open to serve our clients while implementing changes within our financial centers to follow CDC and government guidelines. As such, some locations may be either temporarily closed or operating at adjusted hours. ^chris",lockdowns,,lockdowns,lockdowns
why do you continue to allow Bimbo Bakeries USA to force us to wear these useless masks? BBU says they're following guidelines in their policy. You show me where CDC claims these are helpful against respiratory viruses. Get the #MasksOff our brothers &amp; sisters!,masking and distancing,masking and distancing,masking and distancing,masking and distancing
Dr. You need to talk to CDC to revise mask guidelines,masking and distancing,masking and distancing,masking and distancing,masking and distancing
"Couldn't they could keep their fleet at the ports they travel.  Can't the cruise companies determine for themselves what their rules/ regulations will be, if they want to continue using CDC guidelines?",lockdowns,lockdowns,,lockdowns
You could save a lot of time if you could actually comprehend the CDC guidelines. Maybe have one of your kids explain it to you.,,,,
"Per federal CDC guidelines, unvaccinated people are responsible for continuing to wear a mask.   Whenever you’re ready, we hope to sing with you soon!","vaccination,masking and distancing","vaccination,masking and distancing",masking and distancing,"vaccination,masking and distancing"
"Shouldn't you prepare the topics you agreed on and not the person you debate? If you think you are in the right and have the facts, why does it change anything even crowder debates Ethan about the CDC guidelines or Sam about the same topic?",,,,
The Supply Chain to Save the World Is Unprepared for a Vaccine  #covidvaccine  https://t.co/bbO2zJu5K9,vaccination,vaccination,vaccination,vaccination
National news on 105.5 WERC: A Charlotte flight bound for the Bahamas was canceled after a group of students from Boston refused to follow CDC guidelines.  https://t.co/o32lOFiEp8,masking and distancing,lockdowns,,lockdowns
"Since the CDC guidelines for mask removal dropped, has been telling everyone we can to continue to #MaskUp. Now with the #DeltaVariant &amp; it's kissing cousins running rampant, we can't be any more resolute in our stance! #ProtectYaNeck   https://t.co/RPD2LK1ZXv",vaccination,masking and distancing,masking and distancing,masking and distancing
I understand that and am overwhelmingly appreciative of your multiple links which I read and studied before posting   But the ncaa rules are the direct opposite of cdc guidelines and should have been updated before the tournament started  https://t.co/MQPDs7dQJ3,,,,lockdowns
Deborah Dowell was involved with the previous cdc guidelines.  But Dr Beth Darnell is very pro patient which is a good thing,,,,
When CDC guidelines magically align with the Teachers Unions political demands. This is no longer about public safety.,,,,
CDC won’t take blame for companies who force mRNA shot. CDC guidelines do not give employers right to force mRNA shot. It is choice due to FDA still denying approval. If job force shot call CDC &amp; dept of health&amp; call local politicians( get 2nd opinions)NY demo not reliable source,vaccination,,vaccination,vaccination
Hmm what are the CDC guidelines? If you’re vaccinated you don’t need to wear a mask… duh.,"vaccination,masking and distancing","vaccination,masking and distancing","vaccination,masking and distancing","vaccination,masking and distancing"
"Yet, you say nothing about reimplementing safety guidelines such as mask wearing. Due to your inactions, thousands will become sick and die. Pay no attention to the CDC since they will not back track. They are pushing the responsibilities on state officials. Sad.  https://t.co/q7Ffu9Qbnu",masking and distancing,masking and distancing,masking and distancing,"vaccination,masking and distancing"
US's largest union for registered nurses urges CDC to bring back universal mask guidelines  https://t.co/wPQl63yOXO  https://t.co/veAo1yNCYE,masking and distancing,masking and distancing,masking and distancing,masking and distancing
"After Sputnik V, Russia approves another Covid-19 vaccine: Putin

#SputnikV #Russia #CovidVaccine 

 https://t.co/XJ1vUIXXCo",vaccination,vaccination,vaccination,vaccination
DeSantis needs to be recalled. But the people of Florida won’t do it. He’s cost people there lives because he didn’t follow CDC guidelines. Then he didn’t want to count the snow birds because the didn’t live in the state year round. How many died????,,,,
We have all the proof we need. Cases are different at the Supreme Court level as opposed to criminal or monetary civil cases. CPPs have been harmed by the CDC guidelines it doesn't have to be you or anyone in particular the violation of civil rights and liberties apply 2 everyone,,,,
"Well, like it or not, the Covidiots have ensured, through their lack of precaution an… https://t.co/mwTLdAWj75",,,,vaccination
"In #Australia scientists are testing #CovidVaccine on hamsters. 
In #Russia Vladimir is testing it on his daughter.… https://t.co/KLkFNY9cty",vaccination,vaccination,vaccination,vaccination
"The CDC won't change mask guidelines as the delta variant spreads, the CDC director says  https://t.co/8DN7vrRATl  https://t.co/PCKYTmE1l5",masking and distancing,masking and distancing,masking and distancing,masking and distancing
"The article said the were following CDC guidelines (which I think are a joke). But I don’t leave the house without a mask and hand sanitizer. But after my daughter got it, I don’t want to leave the house ever!",masking and distancing,masking and distancing,masking and distancing,masking and distancing
"Zero data of mixing J&amp;J w/ either Pfizer or Moderna (one dose, or two) yet all these expert blue checks are telling people to do it b/c J&amp;J doesn't work. No data on that either released on if it's even safe. Most people get turned away due 2 CDC guidelines against it.",vaccination,vaccination,vaccination,masking and distancing
"#OxfordUniversity Pledged to Donate Rights to Their #COVIDVaccine, Then Urged on by the #GatesFoundation Sold Them… https://t.co/DMueWQP3un",vaccination,,vaccination,vaccination
"Because the APA conflated addiction with Dependence. CDC further conflated this in guidelines and training modules for Prescribers. I read a module the other day referring to ""cravings"" during opioid tapers.",,,,
"Ugh...got email for camp next week saying: “We are following CDC and state (WA) guidelines...” Goes on to say masks are required at all times for all campers, and for caregivers during pick up and drop off, regardless of vax status. How is this following guidelines? I give up.",masking and distancing,masking and distancing,masking and distancing,masking and distancing
According to CDC guidelines if they’re all vaccinated masks are not needed and it’s not a commercial plane.,"vaccination,masking and distancing","vaccination,masking and distancing",masking and distancing,masking and distancing
"Trump 2020 🇺🇸
#MAGA #KeepAmericaGreat2020 #Trump #usa #VoteRed2020 #Trump2020 #ChineseVirus #COVID19 #antifa… https://t.co/bKZmVeHP5O",vaccination,,,
"Glad he is deciding to throw a party outdoors, instead of inside, per cdc guidelines",,,,lockdowns
I see far too many people on the right saying they will take the 'Trump vaccine' just to stick it to the left. This… https://t.co/1vzzy98KFe,vaccination,vaccination,vaccination,vaccination
"A Tampa federal judge gave a win to Florida and Governor Ron DeSantis, Friday, tossing out COVID-19 Centers for Disease Control (CDC) cruise ship guidelines, which the State of Florida argued were effectively banning cruises from running.   https://t.co/IbzEUi1bK4",lockdowns,lockdowns,,lockdowns
"I’m double vaccinated as instructed by President Biden and advised by Mayor Adler to not have to wear a mask according to CDC guidelines. Close your shop if you’re worried. Sincerely, a paying customer.","vaccination,masking and distancing",vaccination,"vaccination,masking and distancing","vaccination,masking and distancing,lockdowns"
From a friend's facebook wall #coronavirus #pandemic #vaccinedevelopment #COVID19 #CovidVaccine https://t.co/ehZzZvWEIS,vaccination,vaccination,,vaccination
"Non seulement les tests ne sont pas fiables, mais en plus les guidelines du CDC définissent des critères de positivité covid différents selon qu’on soit injecté ou non, de façon à réduire les positifs post injection.",,vaccination,,
Let’s ensure that we properly design the #covidvaccine end-to-end #supplychain including the local and internationa… https://t.co/DbepsMoVhE,vaccination,vaccination,vaccination,vaccination
I’m fine with wearing masks no problem at all as far as I’m concerned! I would never take a risky ass #CovidVaccine… https://t.co/3ELlfwJU1l,masking and distancing,"vaccination,masking and distancing","vaccination,masking and distancing",vaccination
"#CovidVaccine
Watch Fake or not on Flipkart video and win surprise rewards
https://t.co/VGhNUHMs1o",vaccination,vaccination,,vaccination
"What the what....

#PopeFrancis #COVID19 #coronavirus #covidvaccine #coronavirusvaccine 

https://t.co/FhKhgDjCga",vaccination,vaccination,vaccination,vaccination
"What will life look like after a COVID vaccine is distributed?
https://t.co/LEgkNmS6G8
#CovidVaccine",vaccination,vaccination,vaccination,vaccination
REGARDING CDC GUIDELINES MEETING TOMORROW.  YOU CAN ATTEND BY WEBINAR OR PHONE.    YOU CAN SIGN UP AT THIS LINK: ncipcbsc,masking and distancing,,,
.Using us as guinea pigs.  Will Morrison etc get the jab?  Trials are held over years to see if th… https://t.co/pOdcO6JyoI,vaccination,,,vaccination
ETHealthworld | Pfizer is on track to be first to find out if its Covid vaccine works #CovidVaccine #Vaccine… https://t.co/HBEvoXXcFv,vaccination,vaccination,vaccination,vaccination
"With you here 100%.   And also I agree with Dr. Feigl-Ding on a lot of stuff, including that the relaxed guidelines never ever should've happened.  The CDC got masks wrong TWICE now. They need to rectify the problem.",masking and distancing,,masking and distancing,masking and distancing
$ENZC ENZOLYTICS NEWS BIO TECH MERGER . FUNDING FOR SARS 2 #COVIDVACCINE HIV VACCINE TRIALS ON CHIMPS #STOCKS… https://t.co/YetlwBmlHD,vaccination,vaccination,,vaccination
" I have a Glycol allergy which is contained in the Moderna &amp; Pfizer as PEG2000. Even the CDC issued a warning for Glycol allergies. Many people with certain health conditions can’t get it either. I follow CDC COVID guidelines: Mask, distanced, avoid people.","vaccination,masking and distancing",vaccination,"vaccination,masking and distancing",masking and distancing
Picture speaks ... COVID-19 &amp; California Fires..! What’s happening to 2020 ??  #PrayforCalifornia #prayforcorona… https://t.co/7RQVAoPIlN,vaccination,,,
We hope you can Join Us Tomorrow for  In- Person Service at 10am PST.   CDC &amp; SF Guidelines will be observed. Masks will be required!!   We will still have our service Virtually!! We look forward to seeing you!! #welcome #back #service  https://t.co/N2BjTXwf4i,masking and distancing,"masking and distancing,lockdowns",masking and distancing,masking and distancing
"Feel and see the difference.  We are excited to again open up our beautiful campus to visitors from all states, in accordance with CDC and Massachusetts COVID guidelines. Register for your visit:  Undergrad visit ➡️  https://t.co/WpKl88wXaE Grad visit ➡️  https://t.co/egQsWOpcu0  https://t.co/bXXY8g4P4d",,lockdowns,,masking and distancing
‘We are not the world’: CDC director sticks to ‘no masks for vaccinated people’ guidelines in defiance of WHO  https://t.co/d60LCNS2uh  https://t.co/sFytzLQawB,"vaccination,masking and distancing","vaccination,masking and distancing",masking and distancing,"vaccination,masking and distancing"
"I don't consent.
#Mandatory #CovidVaccine #Covid_19 https://t.co/lShBLlVQ58",vaccination,vaccination,vaccination,vaccination
"A child passed out folks. Per CDC guidelines: ""Opt for an activity that does not require using mouth guards or helmets. Wearing a mask with these types of protective equipment is not safe if it makes it hard to breathe."" Sparring requires helmet and mouth guard. Remove masks NOW.",masking and distancing,masking and distancing,masking and distancing,masking and distancing
"No matter what your government says you can mask up, keep your distance and wash your hands. That's what we did/are doing in a stupid state, Florida where the governor abandoned CDC guidelines early on. Use your own common sense and keep yourselves safe.",masking and distancing,"vaccination,masking and distancing",masking and distancing,masking and distancing
And as to why Vandy players weren't contact traced...NCAA and CDC guidelines state within 6 feet for more than 15 consecutive minutes.  Vandy players were not exposed for that length of time on the field.,masking and distancing,masking and distancing,,masking and distancing
told me in an interview that the virus will burn itself out by December! I am totally keeping my hopes o… https://t.co/lCltZj1O5g,,,,vaccination
"""This is quite normal. I'm confident that the trials are being conducted safely,"" said virologist Dr Shahid Jameel… https://t.co/lX2Otfsi3u",,vaccination,,vaccination
"How can a political party politicise vaccine !!!!

Sick !

It should be free but it should not be in political mani… https://t.co/N8mtOZy0g4",vaccination,vaccination,vaccination,vaccination
"We never removed our mask mandate. So, I’m wearing masks *still* in grocery stores. Our governor (US Virgin Islands) knew unvaccinated people wouldn’t all stay masked up after CDC changed their guidelines. 🇻🇮","vaccination,masking and distancing","vaccination,masking and distancing",masking and distancing,masking and distancing
"Someone from Moscow developed first corona vaccine.

 Meanwhile Putin to carryminati. #RussianVaccine #carryminati… https://t.co/QNAcNDlQO4",vaccination,vaccination,vaccination,vaccination
"#ScottyTheSaviour not only makes shit up, he lies. Various transcripts show that #ScottyFromMarketing strongly indi… https://t.co/Sck3bHpDfl",,,,vaccination
"#CovidVaccine she was on the side of the children 

RIP SCOTUS' Ruth Bader Ginsburg  https://t.co/ic9NWmSoxa",vaccination,vaccination,,vaccination
"World's First Registered Russian Vaccine Against COVID-19 Presented to Defence Ministers of SCO, CIS, CSTO &amp; Republ… https://t.co/q2kxr9Ofna",vaccination,vaccination,vaccination,vaccination
"According to Wong late on Friday, details of the vaccine used on 48 employees of Ramu Nico on the 10th of August in… https://t.co/60on1xtFyD",vaccination,vaccination,vaccination,vaccination
"Status of Development of COVID Vaccine in India I Headline8 

#Covid_19 #CovidVaccine… https://t.co/3hrOuFhAVS",vaccination,vaccination,vaccination,vaccination
"Sadly, it’s the story for tons of chronic pain patients since they passed the 2016 CDC guidelines and went after healthcare professionals",,,,
"https://t.co/ciXQdy7uvv

$VIR positive research.

$MRNA $NVAX $BNTX $ALNY $CVAC $EBS $SRNE $ADPT $ATRA $VXRT $VBIV… https://t.co/Qae0eII1FT",,,,
"Please don't put tracking nano-bots in our Covid-19 vaccine! 
-
Put it in our flu vaccine.
.
.
.
.
#CovidVaccine… https://t.co/zMRPhejLyt",vaccination,vaccination,vaccination,vaccination
"Flash Flash Flash

#COVID19
#CovidVaccine https://t.co/VNGrNJAYGv",vaccination,vaccination,,vaccination
"The CDC has done nothing but bungle the response to the pandemic. I don't trust any of their guidelines except for maintaining a 6 foot distance between you and the nearest person. Everything else, like after your second shot you can stop wearing masks I disregard.",masking and distancing,"vaccination,masking and distancing",masking and distancing,masking and distancing
This will be exceptionally interesting to follow! #CovidVaccine https://t.co/mzksMD1yJ7,vaccination,vaccination,vaccination,vaccination
"Finally sucking up to #Russia will pay off. 

#RussianVaccine 
#CovidVaccine",vaccination,vaccination,vaccination,vaccination
"Between remote learning, switching modes of instruction, class quarantines, changes in CDC guidelines, the frequent shifting gears have left classrooms struggling to find the stability necessary to keep learners engaged.    https://t.co/f5Oos3iJPI",lockdowns,lockdowns,lockdowns,"masking and distancing,lockdowns"
Much awaited and needed announcement! PM announces #healthID for all under new mission; roadmap ready… https://t.co/CXY5anUtc5,vaccination,,,vaccination
"Please comment.  I realize we are all burnt out, betrayed and extremely ill from corrupt government policy and ""CDC Guidelines"".  Comment perioid ends August 9, 2021.  #neverstopfighting #PROPagandakillspainpatients #stopPROPMMEnow",,,,
Looks like Big Pharma is taking a stance against the Trump administration in rushing a vaccine just because he want… https://t.co/Gyx8R1Q1g1,vaccination,vaccination,vaccination,vaccination
"I heard someone say pandemics end in two ways, one the virus is gone due to heard immunity (I would imagine) or two people stop caring about the threat of the virus. I unfortunately find myself caring less and less. I do continue to follow all CDC/State/Employer guidelines.",vaccination,vaccination,,
"Vaccinated teachers and students don't need to wear masks inside school buildings, the CDC said in relaxing its COVID-19 guidelines.  The changes come amid a national vaccination campaign in which children as young as 12 are eligible to get shots.","vaccination,masking and distancing","vaccination,masking and distancing,lockdowns","vaccination,masking and distancing","vaccination,masking and distancing,lockdowns"
#BREAKING 🇺🇸 CDC says U.S. should have enough coronavirus vaccine to return to ‘regular life’ by third quarter of 2… https://t.co/GzWZJu2CHB,vaccination,vaccination,"vaccination,lockdowns",vaccination
"Interesting to see that ""Long Covid"" (extending the ""covid-19"" hoax) takes in symptoms of vaccine injur… https://t.co/yEBgz136UV",vaccination,vaccination,,vaccination
Putin needs to chill with that Covid vaccine. Looking like that scene from I Am Legend... #CovidVaccine #SputnikV,vaccination,vaccination,vaccination,vaccination
"Britain will buy potential COVID-19 vaccines from U.S. drugmakers Johnson &amp; Johnson and Novavax Inc, the companies… https://t.co/pqdSztm3vP",vaccination,vaccination,vaccination,vaccination
"Thank you for your participation 👏👏♥️

#4humanity #UAE #Phase3trial #covidvaccine https://t.co/La7VYjijsz",,,,vaccination
"“Can’t Force Covid Vaccine On People In US,” Says Anthony Fauci
#Covid19 #CoronavirusVaccine #UnitedStated… https://t.co/IljDKGCnNz",vaccination,vaccination,vaccination,vaccination
Will adhere to #DCGI instructions: Serum Institute after showcause over not pausing #COVID19 vaccine trial… https://t.co/63jX8qOpDU,vaccination,,vaccination,vaccination
"She feels like she's let down her colleagues and ICU, despite following distancing guidelines from the CDC. Has already gone through working 24+ hour shifts during COVID waves, sacrificing for her ICU and her colleagues.  You want burnout, medicine? This is how you get burnout.",,vaccination,masking and distancing,masking and distancing
"THE TOOL FOR VACCINE DEVELOPMENT!
The SARS-COV2 S1RBD-ACE2 Binding Assay of our partner can
characte… https://t.co/IonnILEJK6",vaccination,vaccination,vaccination,vaccination
"This is why LIVE, local #radio rules. Real people answering the simple question, Would you get the #CovidVaccine?… https://t.co/6nA46HWJzI",vaccination,vaccination,vaccination,vaccination
"Hey if you employ psychos like this, I have no confidence in the credibility of your product.… https://t.co/bciT7xOsS6",,,,vaccination
Sign the petition: A Letter to Senator Dick Durbin  https://t.co/Srm0uVrOxO  For any1 affected by the CDC Guidelines. #opoidhysteria #painkills #opoid #cpp #eds #fibro #arthritis #spoonie,,vaccination,,
California Schools To Require Masks This Fall Despite New CDC Guidelines Saying That They Are Not Mandatory  https://t.co/HVAuAAdpjV,masking and distancing,masking and distancing,masking and distancing,"masking and distancing,lockdowns"
"Unexplainable neuro side effects are certainly a good reason to halt, and proceed with caution.
#Covid19… https://t.co/UW2o7RiXzE",vaccination,,,vaccination
#wtf wrong USA one day people following guidelines distance #mask get vaccinated next they're all acting like #MardiGras  We have rude awakening coming continue wearing your crowded venues distance looks like  #Coronavirus vaccine booster is on the menu #VOTEBLUE22🇺🇸,"vaccination,masking and distancing","vaccination,masking and distancing,lockdowns",masking and distancing,"vaccination,masking and distancing"
Awesome little sum up of what the WHO and vaccine companies are up to #COVID19 #covid19nz #NZPolitics #nzpol… https://t.co/oNiRUj53uz,vaccination,vaccination,vaccination,vaccination
Have heard #Brahmans and other vegetarians will not take #CovidVaccine shots coz it has animal extracts from bovine… https://t.co/U0yuuY7mBD,vaccination,vaccination,vaccination,vaccination
CDC guidelines say if you are fully vaccinated you no longer need to be in a masked up situation. Hopefully everybody out there was vaccinated or wearing their mask,masking and distancing,"vaccination,masking and distancing","vaccination,masking and distancing","vaccination,masking and distancing"
#Pfizer Vaccine on Track for Regulatory Review in October. #COVID19 #CovidVaccine  https://t.co/m2ecA4VeV8,vaccination,vaccination,vaccination,vaccination
India has many states other than Bihar. Why not all states ? Maybe Bihar is special right now since it’s going to p… https://t.co/ia8NyJYViE,vaccination,,,vaccination
"How is it “lucky?”  is simply following CDC guidelines, while CA politicians only follow CDC guidelines whenever it aligns with their “agenda”—apparently dictated to them by a Magic 8 ball.😒  https://t.co/VE59HPpfTm",,,,
"The CDC announced Friday the relaxing of COVID-19 guidelines, and vaccinated teachers and students don’t need to wear masks inside school buildings.   https://t.co/v9XN6JHsVV","vaccination,masking and distancing","vaccination,masking and distancing,lockdowns","vaccination,masking and distancing","vaccination,masking and distancing,lockdowns"
"I've heard this from CDC sources within the last week (a quick look at my media didn't turn it up, though, unfortunately) but I see they haven't yet changed the official guidelines on the site. I think they will, though, now that they're not being gutted from the inside.",,,,
This should relieve people’s doubts. No more optics !!!#CovidVaccine https://t.co/i9nP2BtW0K,vaccination,vaccination,,vaccination
The face mask guidelines from the American Academy of Pediatrics differ from updated school recommendations the CDC announced recently.  https://t.co/O8TOI8zWly,masking and distancing,masking and distancing,masking and distancing,"masking and distancing,lockdowns"
"'Landmark moment': 156 countries agree to Covid vaccine allocation deal aiming to deliver 2bn doses of safe, effect… https://t.co/3YJNEpvu4y",vaccination,vaccination,vaccination,vaccination
"Nope. I wore my mask till I was able to get vaccinated fully. I still follow CDC guidelines, and if I'm in close quarters or legally required I will still wear a mask, but generally speaking I don't.","vaccination,masking and distancing",vaccination,"vaccination,masking and distancing","vaccination,masking and distancing"
It is long past time for Turd Cruz and rest of GOP to encourage the public to follow CDC guidelines and get vaccinated. 96% of doctors are vaccinated according to AMA but red states lag in national vaccination rates.,vaccination,vaccination,vaccination,vaccination
"Beautiful City Of Canada https://t.co/t6RapMWt5U via 
 
https://t.co/mmui64w4p9

#SaturdayMorning… https://t.co/vV5w17AfGi",,,,
"Then, when I heard testify in Dec about experience of critical care docs with ivermectin, asking CDC to issue guidelines for docs, hospitals &amp; soon thereafter UTube deleted the vid of his testimony, well…damn. There was undeniably a lot more to be skeptical about.5/",,,,
"Given a chance in September, will you take a shot of Putin's vaccine?
#CovidVaccine #CoronavirusVaccine… https://t.co/15SuvXPYC6",vaccination,vaccination,vaccination,vaccination
Wondering how many Canadians will actually get a #CovidVaccine when one is available. I'll definitely be getting on… https://t.co/BsfeTw2Dix,vaccination,vaccination,vaccination,vaccination
"Thank you and no, it's not. Pain Patients are suffering due to the Misapplication of the CDC Guidelines and a rogue DEA",,,,
Good news. When will it come to India? This life in fear needs to end. #CovidVaccine #CoronavirusPandemic,vaccination,vaccination,vaccination,vaccination
"Groups call for #FDA to maintain independent authority, transparency in #COVID19 vaccine approvals via https://t.co/5NoZGvwbNk",,vaccination,vaccination,vaccination
Can The U.S. Government Force You To Take A [COVID-19] Vaccine? https://t.co/tbuo2gtPII #forcedvaccinations… https://t.co/l5GuHf3wVY,,,vaccination,"vaccination,vaccination"
"#BREAKING | AstraZeneca briefly halts #CovidVaccine clinical trials. Know here why.

#CoronavirusVaccine… https://t.co/LrLlHhGyji",vaccination,vaccination,vaccination,vaccination
Just following the science and CDC guidelines now that I am fully vaccinated.   Why are you anti science?,vaccination,vaccination,,vaccination
"August 10
Today In The History
'British Troops Leave Honk Kong'

#Japan #China #USA #HongKong #coronavirus… https://t.co/SlQ4vH8QMc",,,,
"local mask guidelines?  areas with low vaxx rates did away with masks.  and areas with high vaxx rates did away with masks.  seems to me the cdc wants to institute mask guidance again, but instead is getting as close to the line as possible and then pulling back.",masking and distancing,"vaccination,masking and distancing",masking and distancing,masking and distancing
"Not just ""no jab, no pay,"" now they are saying ""no jab, no job.""

Remember when they called us ""conspiracy theorist… https://t.co/lH0aqIc1kO",,,,
"WRT #VitaminD for #covid19  NI CDC (US) and NICE (UK) guidelines quote flawed data, ban vitD3 treatment  &gt;they then DEMAND much more robust data in return, eg. double blind RCTS , but no funding to provide them up to now   https://t.co/64XQETLzhQ",vaccination,,,
"I'm Happy Because It's Very Good News I Heard That COVID 19 Vaccine Has Started To Use, Hope Everyone Pray! May God… https://t.co/yDxjTxZwiL",vaccination,vaccination,vaccination,vaccination
"Humans equals politics. That said, the goals of the WHO is different than the goals of the CDC. The WHO is providing guidelines and recommendations for countries that might not have an organization like the CDC or the resources to handle a pandemic.",,,,
"The CDC guidelines were posted.  They sent me a email regarding the meeting tomorrow, and it was included.  Things look in our favor!!!  Thank you Jesus!!!",,lockdowns,,
"""Forcing the vaccinated and those who already contracted COVID-19 to wear masks indoors is not backed by science and contradicts the U.S. Centers for Disease Control and Prevention (CDC) guidelines,"" Villanueva said.  you ready to reverse that yet? Cause you need to.","vaccination,masking and distancing","vaccination,masking and distancing,lockdowns",masking and distancing,"vaccination,masking and distancing"
Brazilian health authority said on Wednesday that a volunteer in a clinical trial of the #COVID19 vaccine developed… https://t.co/MAHhGtDKNn,vaccination,vaccination,vaccination,vaccination
What should happen at least in schools is verification of the vaccine should be required to be able to take masks off at school like new cdc guidelines,"vaccination,masking and distancing","vaccination,masking and distancing","vaccination,masking and distancing",masking and distancing
"Everyone is blasting the NCAA for this tweet. I get it, They are an easy target.  They are primarily following the CDC “guidelines” &amp; then creating rules from those guidelines.  Maybe you should be diverting your frustration towards where these interesting ”guidelines” came from.",,,,
"put #CovidVaccine trial put on hold as test subject reacts with spinal cord infection. #AstraZeneca

https://t.co/sP4RE185FA",vaccination,vaccination,vaccination,vaccination
In nowadays  this is a question  of laughter rupees that when the corona vaccine will arrive  in India?… https://t.co/ZXPH1jAYiI,vaccination,vaccination,vaccination,vaccination
🚨 These Communists going door to door with the jab ready to give are going Against CDC Guidelines.  You're  Only supposed to give the Vaccs where you have CPR Equipment &amp; trained Staff to perform CPR due to the numerous Anaphylactic Reactions within minutes of getting the jab🤬,masking and distancing,vaccination,vaccination,lockdowns
"AstraZeneca coronavirus vaccine trial ""Voluntarily"" paused over unexplained illness. #CovidVaccine https://t.co/q9BcEiUrPb",vaccination,vaccination,vaccination,vaccination
We are carefully following all CDC guidelines in order to keep you and your loved ones safe while also caring for your teeth.  #wavedental #dentist #oralhealth #teeth #smile #oralhygiene  https://t.co/BgttW95ZHX,,,,
"Honestly, I’ll wait for the next vaccine!! #CovidVaccine #RussianVaccine #Russia https://t.co/LfVHg2xsoe https://t.co/ZgkwQy8tTP",vaccination,vaccination,vaccination,vaccination
Scientists uneasy as Russia approves first coronavirus vaccine https://t.co/gyZ3QlLUQU #COVIDVaccine #COVID19 #COVID_19,vaccination,vaccination,vaccination,vaccination
"Chances are low that you will get COVID, masked or unmasked. Be smart and try to keep your distance best you can. CDC new guidelines as of 2 day’s ago:  https://t.co/FoSSWHVZpD",masking and distancing,masking and distancing,masking and distancing,masking and distancing
[Featured] #Health: #CovidVaccine makers lobby #EU for legal protection: Pharma body urges exemption from civil lia… https://t.co/njxYavGs3p,vaccination,vaccination,vaccination,vaccination
If you followed all the cdc guidelines you wouldn’t of gotten it. Now that you’re vaccinated you won’t get it either.,"vaccination,masking and distancing",vaccination,vaccination,"vaccination,masking and distancing"
Any control for the evolution into a more transmissible / less deadly strain? Any control for CDC/WHO guidelines on reduced sensitivity of PCR tests?,,,,
BREAKING: New CDC guidelines recommend it’s rude to hang out without me,lockdowns,,,lockdowns
Or they are still in their 20’s and their brains haven’t fully developed yet. Follow the CDC guidelines folks!,,,,
What is the “science”? Do provide peer reviewed data showing that the CDC is ignoring established guidelines based on sound science. Resign.,,,,
"Yes👏🏻👏🏻👏🏻We are to be hold responsible if we don’t #WearMasks #MaintainSocialDistance #AvoidCrowds #StayHome 

I’m… https://t.co/kjXRgd5Umu",masking and distancing,masking and distancing,masking and distancing,"masking and distancing,lockdowns"
Didn’t NACI also change their minds a few times on the  “safety” of AstraZeneca?  Gambling with our lives.  CDC and many reputable US medical sites state do NOT MIX.  Your guidelines are speculations.  Is the real reason you are overstocked on Moderna?,vaccination,vaccination,vaccination,
Astra-Zeneca's possible COVID-19 vaccine are on temporary hold while the company investigates report of a serious s… https://t.co/ZudnloZZkb,vaccination,vaccination,vaccination,vaccination
"Somebody, please, tell me why the CDC eased its guidelines on masks.  Because those of us vaccinated needed incentives... what are we children?  We need to worry about our actual children—and get vaccinated AND take precautions. Please!","vaccination,masking and distancing","vaccination,masking and distancing","vaccination,masking and distancing","vaccination,masking and distancing"
A local #pharmaceutical company had expressed interest to reproduce a #CovidVaccine that other countries may develo… https://t.co/aCgJWMahG2,vaccination,vaccination,vaccination,vaccination
"#Johnson &amp; #Johnson pauses #CovidVaccine Trial As Participant Becomes Ill
The pause means the online enrollment sys… https://t.co/q4ab5GnEAB",vaccination,vaccination,vaccination,vaccination
"Russian Ambassador in India ""Nikolay kudashav"" has formally approached Indian government to collaborate with India… https://t.co/F21Vg7LhJC",vaccination,,,vaccination
Hate in the Russians all you like but acknowledge they have some very very smart scientists #CovidVaccine  https://t.co/aOt52IS2BH,vaccination,vaccination,vaccination,vaccination
Here is Truth Behind #VaccineTrial Volunteer Getting Serious #Neurological Illness? #AstraZeneca clarifies… https://t.co/3LIUbJNskA,vaccination,vaccination,vaccination,vaccination
Conondrum: I won’t ever feel safe from #covid19 without a #covidvaccine but I’m terrified about having to take a va… https://t.co/s96OHQwFOS,vaccination,vaccination,vaccination,vaccination
"The Russian #covidvaccine , which will be called #SputnikV in homage to the world’s first satellite launched by the… https://t.co/BeoAeCygnD",vaccination,vaccination,vaccination,vaccination
"Our health safety policies are grounded in the CDC’s rideshare guidelines, and the recent CDC order mandating masks on rideshare. Learn more at  https://t.co/0YkTgJk8w3. We encourage riders and drivers to abide by the Order and these guidelines, as well as your local regulations.",masking and distancing,masking and distancing,masking and distancing,masking and distancing
#BREAKING: The CDC is relaxing mask-wearing COVID-19 guidelines for teachers and students. Vaccinated teachers and students no longer need to wear masks inside school buildings.   https://t.co/HnIC5Pkp8S,"vaccination,masking and distancing","vaccination,masking and distancing",masking and distancing,"vaccination,masking and distancing"
I don’t know if there are “guidelines” on that just yet and might depend on where you are. For us in the states rhe CDC is supposed to give that information tomorrow,,,,
"No #CovidVaccine for this guy! 😂

#peaceout #nothanks #scamdemic2020 https://t.co/VqzmA3qleJ",vaccination,vaccination,,vaccination
"""According to the CDC’s guidelines, it’s best not to receive your second dose more than 6 weeks after you received your first dose.  The impact of delaying the second dose any longer is unknown at this time."" Great. #trudeauvaccinefailure #cdnpoli     https://t.co/Gw6ucoFuwj",vaccination,vaccination,vaccination,vaccination
"Yeah, because this is what happens when he had his staff rewriting and directing CDC guidelines, almost all of which had to be removed because they were lies. We shouldn't have trusted him, and we didn't.",,,,
"""the 2016 CDC Guidelines are consequently flawed beyond any possibility of repair.The only scientifically and ethically sound action now open to the CDC is outright public repudiation and withdrawal of its 2016 guidelines – without replacement""  ",,vaccination,,
"We've already established it was a chartered flight that fell under CDC guidelines.  Regardless. THEY are the ones pushing masks. THEY are the ones who didn't wear masks. THEY are the ones that got COVID.  First reaction ""but Crenshaw""  Still making excuses. Smh.  Oh well.","masking and distancing,lockdowns",masking and distancing,masking and distancing,masking and distancing
"China displays Covid-19 vaccines for first time https://t.co/kG79LLldgy 
#COVID19 #China #CovidVaccine #coronavirus",,vaccination,vaccination,vaccination
Worldwide Flight Services (WFS) has launched Project Coldstream in preparation for global air cargo deliveries of C… https://t.co/pR0jeFZPvN,vaccination,,,vaccination
Four China-origin COVID-19 vaccines ready for phase-3 trials. Phase-3 clinical trial usually involves thousands of… https://t.co/3xZ3iGMxjR,vaccination,vaccination,vaccination,vaccination
it’s been a busy weekend on instagram for graphic designer wokescolds who love to misinterpret cdc/who mask guidelines,masking and distancing,,masking and distancing,masking and distancing
"What if China's Covid-19 vaccine comes into the market first.Will Indian Government buy's it...?

https://t.co/L2TCHOuuho",vaccination,vaccination,vaccination,vaccination
So many Infectious Disease DOCTORS have stated if you are fully vaccinated it is safe to remove masks.  The CDC has also come out with these Guidelines. I can guarantee you that NONE OF the Calgary Councillors are DOCTORS… the have Overstepped their job…,"vaccination,masking and distancing","vaccination,masking and distancing","vaccination,masking and distancing","vaccination,masking and distancing"
"Exciting news - barring any last minute safety issues, this vaccine will likely be the first one “out of the gate”… https://t.co/3vxMs3AWj5",vaccination,vaccination,vaccination,vaccination
No they probably shouldn't have been as long as they're following cdc guidelines which they were.,,,,
"PM Modi Updates On Covid #Vaccine: '3 In Testing, Awaiting Nod To Produce &amp; Distribute'
#CovidVaccine #COVID19 https://t.co/suLiib9I45",vaccination,vaccination,vaccination,vaccination
"Cats could help researchers unlock a COVID-19 vaccine, research suggests https://t.co/hqsmXSMKhX #COVIDVaccine #COVID19 #COVID_19",vaccination,vaccination,vaccination,vaccination
He's not following CDC guidelines and did not wash his hands while getting gas!  https://t.co/zX2W2mr2ka,masking and distancing,,,masking and distancing
"FINALLY did a shutdown, that would greatly help to try &amp; contain the virus and protect The American People only soon to ENCOURAGE followers to ""liberate"" go AGAINST their Govs, Mayors, Heath Officials &amp; CDC Guidelines Full on LIES AND MAJOR PROPAGANDA ASSAULT on mail in ballots",lockdowns,,lockdowns,
#Bubbles form in the existence of pure play investment opportunities which enables investors to have mechanism to s… https://t.co/qz5CrPRO9O,,,,vaccination
"But they followed the CDC and local guidelines for fully vaxxed people, so maybe the CDC needs to update their guidelines.",,vaccination,,
"Will it be ready by 2020....?
#covid19 #pandemic #coronavirus #covidvaccine #vaccine #coronavirusvaccine… https://t.co/ktYoPXitmM",vaccination,vaccination,,vaccination
"Dr Daisy Fancourt, who leads Britain’s largest study on the psychological and social impact of Covid-19, said many… https://t.co/yOZwmWxDAz",,,,vaccination
"🚨Breaking Newz

They're having to pay people for #Covid tests now...🤦🏼‍♂️🤦🏼‍♂️
#Covid_19 #COVID19 #Covid19UK… https://t.co/s9qzNrnMP7",vaccination,,,
#covidvaccine stocks current lull before the clinical results storm+emergency room crescendo in early November.… https://t.co/phHh5YbdSh,vaccination,vaccination,vaccination,
Pfizer's potential #CovidVaccine is one of three backed by the U.S. that’s currently in late-stage testing. U.S.-ba… https://t.co/SbEc1R1PbP,vaccination,vaccination,vaccination,vaccination
"This isn't new.  BBC News - Covid can be airborne, US CDC guidelines now say  https://t.co/BUdkGz1o5Q",,,,
7 looming questions about the rollout of a Covid-19 vaccine #vaccinetrials #covidvaccine https://t.co/ikFA9DJvYU,vaccination,vaccination,vaccination,vaccination
"Dr. Lewis, are you following the revision of CDC pain Guidelines?",masking and distancing,,,
Union Health Minister Harsh Vardhan on Thursday said that the coronavirus vaccine will be made available in the cou… https://t.co/KPBWwYkZOx,vaccination,vaccination,vaccination,vaccination
.Sprint To Develop A #COVIDVaccine – // https://t.co/8mp0D05mQn,vaccination,vaccination,vaccination,vaccination
"Here in the U.S. some localities have brought back mask mandates, several respected doctors have called for them on television. This contradicts CDC guidelines. Big mistake. They’ll be pushback by lots of folks who have previously supported masking, vaccines, science, etc.",masking and distancing,"vaccination,masking and distancing",masking and distancing,"vaccination,masking and distancing"
"Sanitizer &amp; Mask Manufacturers After Russian Vaccine Announcement....
#RussianVaccine #Russia #CovidVaccine https://t.co/WF0O330fb7",vaccination,vaccination,"vaccination,masking and distancing",vaccination
"We are following all CDC guidelines through a combination of regular hand-washing, glove usage and changes, cleaning and sanitizing measures, and social distancing measures.",masking and distancing,masking and distancing,masking and distancing,masking and distancing
"People be losing hopes on covid vaccine like it's 4g in kashmir.
 
#CovidVaccine 
#4ginkashmir",vaccination,vaccination,vaccination,vaccination
